first_name,id
Louise,1
Jessica,2
Donald,3
Jeremy,4
Maria,5
Rachel,6
Carol,7
Steven,8
Janice,9
Judy,10
Chris,11
Andrea,12
Frank,13
Judith,14
Virginia,15
Randy,16
Phillip,17
Joseph,18
Ruby,19
Thomas,20
Virginia,21
Elizabeth,22
Willie,23
Louis,24
David,25
Teresa,26
Dorothy,27
Brandon,28
George,29
Norma,30
Emily,31
Mildred,32
Kathleen,33
Matthew,34
Melissa,35
Dennis,36
Matthew,37
Annie,38
Pamela,39
Elizabeth,40
Ashley,41
Steve,42
Helen,43
Raymond,44
Lillian,45
Ernest,46
Christina,47
Elizabeth,48
Chris,49
Kathleen,50
Patrick,51
Fred,52
Dorothy,53
Kelly,54
Virginia,55
Amy,56
Emily,57
Ruby,58
Karen,59
Tammy,60
Kevin,61
Carolyn,62
Robert,63
Michael,64
Frank,65
Todd,66
Donald,67
Stephanie,68
Doris,69
Julie,70
Lawrence,71
Matthew,72
Edward,73
Andrea,74
Johnny,75
Jennifer,76
Aaron,77
Stephen,78
Keith,79
Victor,80
Jesse,81
Paul,82
Nancy,83
Joe,84
Samuel,85
Anthony,86
Carl,87
Lillian,88
Michelle,89
Roger,90
Patrick,91
Carolyn,92
Terry,93
Christopher,94
Eric,95
Jack,96
Stephen,97
Shirley,98
Jessica,99
Amanda,100
Linda,101
Robin,102
Jason,103
Julia,104
Juan,105
Paul,106
Dennis,107
Bonnie,108
Brian,109
Andrea,110
Dorothy,111
Adam,112
Marilyn,113
Christopher,114
Billy,115
Wanda,116
Carl,117
Raymond,118
Christine,119
Gerald,120
Stephanie,121
Bonnie,122
Sean,123
Billy,124
James,125
Rachel,126
Billy,127
Charles,128
Ronald,129
Dorothy,130
Walter,131
Sara,132
Judith,133
Alan,134
Melissa,135
Donald,136
Ronald,137
Bonnie,138
Janice,139
Julie,140
Alice,141
Gregory,142
Jack,143
Joan,144
Scott,145
Kathryn,146
Maria,147
Janet,148
Robert,149
Jessica,150
Nancy,151
Alan,152
Diana,153
Lori,154
Louise,155
Andrea,156
Harry,157
John,158
Cheryl,159
Ashley,160
Eugene,161
Alan,162
Cheryl,163
Sarah,164
Brenda,165
Patrick,166
Margaret,167
Robert,168
Mark,169
Nicholas,170
Jessica,171
Shirley,172
Anna,173
Debra,174
Sara,175
Albert,176
Marilyn,177
Betty,178
Karen,179
Johnny,180
Jean,181
Raymond,182
Joshua,183
Edward,184
Katherine,185
Janice,186
Michelle,187
Jacqueline,188
Gloria,189
John,190
Mary,191
Julia,192
Lawrence,193
Frank,194
Anne,195
Phillip,196
Anthony,197
Gloria,198
Rebecca,199
Sarah,200
Phyllis,201
Lawrence,202
Terry,203
Henry,204
Louise,205
Stephanie,206
Carlos,207
Craig,208
Katherine,209
Sarah,210
Charles,211
Martin,212
Linda,213
Ashley,214
John,215
Bonnie,216
Stephanie,217
Joshua,218
Tina,219
Joyce,220
Anna,221
Mark,222
Howard,223
Brandon,224
Todd,225
Wanda,226
Kelly,227
Louis,228
Eric,229
Robert,230
Lawrence,231
Frances,232
Alan,233
Shawn,234
Kathy,235
Joshua,236
Juan,237
Harold,238
William,239
Victor,240
Jean,241
Rebecca,242
Rose,243
Michelle,244
Martin,245
Judith,246
Stephanie,247
Emily,248
Craig,249
Ruby,250
Joshua,251
Carol,252
Keith,253
Lisa,254
Terry,255
Deborah,256
Roy,257
Christopher,258
Ralph,259
Linda,260
Cheryl,261
Howard,262
Bruce,263
Jesse,264
Richard,265
Richard,266
Eric,267
Christina,268
Virginia,269
Donald,270
Joseph,271
Ronald,272
Phyllis,273
James,274
Nicole,275
Jose,276
Steve,277
Paula,278
Thomas,279
Steve,280
Kathy,281
Kenneth,282
Earl,283
Catherine,284
Susan,285
Sandra,286
Debra,287
Albert,288
Andrew,289
John,290
Laura,291
Evelyn,292
Nicole,293
Karen,294
Patricia,295
Ryan,296
Julie,297
Jesse,298
Norma,299
Mark,300
Dennis,301
Christopher,302
Wanda,303
Thomas,304
Joyce,305
Emily,306
Pamela,307
Gary,308
Linda,309
Kathleen,310
Ryan,311
Ryan,312
Jonathan,313
Jeremy,314
James,315
Timothy,316
Christopher,317
Charles,318
Emily,319
Kenneth,320
Julia,321
Daniel,322
Patrick,323
Joe,324
Harry,325
Denise,326
Willie,327
William,328
Christopher,329
Jonathan,330
Raymond,331
Bonnie,332
Victor,333
Joe,334
Kimberly,335
Martha,336
Tammy,337
Terry,338
Ashley,339
Kathleen,340
Richard,341
Annie,342
Nicole,343
Thomas,344
Jason,345
Michelle,346
Emily,347
Sara,348
Louis,349
Maria,350
Anthony,351
Christine,352
Ashley,353
Joan,354
Barbara,355
Billy,356
Steve,357
Susan,358
Rose,359
Tina,360
Cynthia,361
Marilyn,362
Eric,363
Peter,364
Paula,365
Ralph,366
Johnny,367
Mary,368
Joan,369
Scott,370
Wayne,371
Eric,372
Michael,373
Gregory,374
Diana,375
Joe,376
Earl,377
Christine,378
William,379
Sara,380
Carol,381
Doris,382
Karen,383
William,384
Joan,385
Ruby,386
Alan,387
Michael,388
Samuel,389
Juan,390
Dorothy,391
Ryan,392
Ashley,393
Robin,394
Chris,395
Lisa,396
Sara,397
Sandra,398
Ann,399
Sharon,400
Christina,401
Jonathan,402
Arthur,403
Richard,404
Doris,405
Stephen,406
Raymond,407
Bonnie,408
Carolyn,409
Ernest,410
Matthew,411
Kelly,412
Kathleen,413
Melissa,414
Earl,415
Harold,416
Samuel,417
Arthur,418
Louis,419
Juan,420
Jacqueline,421
Ann,422
Christine,423
Jimmy,424
Nicholas,425
Roger,426
Ryan,427
Mildred,428
Jeffrey,429
Betty,430
Pamela,431
Jesse,432
Gerald,433
Joan,434
Laura,435
Marilyn,436
Jack,437
Jerry,438
Karen,439
Randy,440
Jimmy,441
Susan,442
Eric,443
Irene,444
Ruth,445
Kathryn,446
Louis,447
Harry,448
Walter,449
Jeffrey,450
Joan,451
Todd,452
Donna,453
Samuel,454
Heather,455
Kenneth,456
Kathleen,457
Eric,458
Rose,459
Antonio,460
Louise,461
Scott,462
Shirley,463
Charles,464
Robert,465
Patricia,466
Susan,467
James,468
Margaret,469
Todd,470
Phyllis,471
Teresa,472
Dennis,473
Billy,474
Robin,475
Joshua,476
Eugene,477
Benjamin,478
Ruby,479
Rebecca,480
Nancy,481
Nicholas,482
Carol,483
Shirley,484
William,485
Timothy,486
Doris,487
Sara,488
Emily,489
Stephanie,490
Jesse,491
Nancy,492
Susan,493
Rebecca,494
Brian,495
Rose,496
Ryan,497
Johnny,498
Donna,499
Charles,500
Anne,501
Randy,502
Aaron,503
Nicole,504
Anna,505
Mary,506
Carolyn,507
Louis,508
Jessica,509
Irene,510
Edward,511
Michelle,512
Emily,513
Brenda,514
Stephen,515
Carolyn,516
Phillip,517
Rachel,518
Ernest,519
Bonnie,520
Deborah,521
Jonathan,522
Bruce,523
Juan,524
Annie,525
Katherine,526
Walter,527
Catherine,528
Mark,529
Carolyn,530
Russell,531
Lillian,532
Stephen,533
Joyce,534
Carol,535
Judy,536
Joan,537
Edward,538
Kimberly,539
Jack,540
Ronald,541
Michelle,542
Paula,543
Michelle,544
Barbara,545
Norma,546
Theresa,547
Jimmy,548
Paula,549
Sharon,550
Marilyn,551
Jack,552
Annie,553
Janet,554
Linda,555
Anne,556
Andrea,557
Amy,558
Diane,559
Debra,560
Arthur,561
Marie,562
Jean,563
Johnny,564
Elizabeth,565
Robert,566
Evelyn,567
Karen,568
Anthony,569
Kathleen,570
Phyllis,571
Howard,572
Andrea,573
Cheryl,574
Anthony,575
Jessica,576
Timothy,577
Joseph,578
Jason,579
Lillian,580
Stephanie,581
Kimberly,582
Harold,583
Frank,584
Jose,585
Fred,586
Doris,587
Sharon,588
Walter,589
Martin,590
Kevin,591
Matthew,592
Joyce,593
Laura,594
Gerald,595
Norma,596
Billy,597
Thomas,598
Rebecca,599
James,600
Tammy,601
Patricia,602
Christina,603
Shawn,604
Roy,605
Barbara,606
Anna,607
Ann,608
Bonnie,609
Jack,610
Kelly,611
Kenneth,612
Ronald,613
Alan,614
Christina,615
Anne,616
Ruby,617
Lois,618
Eric,619
Aaron,620
Lillian,621
Henry,622
John,623
Michelle,624
Juan,625
Katherine,626
Nancy,627
Rebecca,628
Walter,629
Ashley,630
Christopher,631
Aaron,632
Thomas,633
Richard,634
Frances,635
Mary,636
Mary,637
Michael,638
Janet,639
Andrew,640
Earl,641
Keith,642
Amanda,643
Katherine,644
Diana,645
Jessica,646
Diane,647
Nicole,648
Aaron,649
Debra,650
Steve,651
Amy,652
Marilyn,653
Wayne,654
Justin,655
James,656
Keith,657
Richard,658
Judith,659
Henry,660
Donald,661
Harry,662
Eric,663
Justin,664
Alan,665
Howard,666
Louise,667
Gerald,668
Kevin,669
Bruce,670
John,671
Laura,672
Roy,673
Jacqueline,674
Stephanie,675
Jane,676
Joe,677
Ernest,678
Shirley,679
Gary,680
Jeremy,681
Barbara,682
Lillian,683
Thomas,684
Chris,685
Teresa,686
Kathy,687
Stephanie,688
Ruby,689
Bobby,690
Jennifer,691
Jane,692
William,693
Janet,694
Steve,695
Henry,696
Katherine,697
Roy,698
Mary,699
Pamela,700
Adam,701
Jean,702
Patricia,703
Michael,704
Mark,705
Lois,706
Jimmy,707
Donald,708
Deborah,709
Steven,710
Ryan,711
Kelly,712
Michelle,713
Amanda,714
Ruth,715
Judy,716
Johnny,717
Diane,718
Deborah,719
Wanda,720
Christine,721
Heather,722
Amy,723
Frances,724
Bruce,725
Margaret,726
Andrea,727
Rose,728
Irene,729
Todd,730
Stephanie,731
Cheryl,732
Irene,733
Jesse,734
Betty,735
Kathy,736
Craig,737
Sharon,738
Antonio,739
Bonnie,740
Irene,741
Frances,742
Billy,743
Clarence,744
Catherine,745
Peter,746
Lisa,747
Benjamin,748
Evelyn,749
James,750
Sarah,751
Frances,752
Stephanie,753
Julie,754
Elizabeth,755
Edward,756
Wayne,757
Shawn,758
Christina,759
Irene,760
Terry,761
Angela,762
Eric,763
Christine,764
Jacqueline,765
William,766
Marie,767
Benjamin,768
Kathleen,769
Susan,770
Judy,771
Ronald,772
Wayne,773
Bruce,774
William,775
Douglas,776
Albert,777
Mildred,778
Shawn,779
Richard,780
Donna,781
Martha,782
Carol,783
Steve,784
Joyce,785
Louise,786
Julia,787
Kevin,788
Theresa,789
Karen,790
Victor,791
Roger,792
Kevin,793
Billy,794
Robert,795
Janice,796
Christine,797
Martha,798
Stephanie,799
Helen,800
Jonathan,801
Jesse,802
Arthur,803
Douglas,804
Phyllis,805
Jeffrey,806
Bobby,807
Pamela,808
Phyllis,809
Robert,810
Keith,811
Clarence,812
Susan,813
Jane,814
Marilyn,815
Ruth,816
Dennis,817
Willie,818
Paul,819
Jessica,820
Gerald,821
Jason,822
Patricia,823
Cynthia,824
Edward,825
Lisa,826
Chris,827
Johnny,828
Wanda,829
Jimmy,830
Ryan,831
Robert,832
John,833
Linda,834
Ann,835
Alice,836
Amy,837
Brandon,838
Frances,839
Anna,840
Frances,841
Stephanie,842
Steve,843
Laura,844
Robin,845
Andrew,846
Virginia,847
Howard,848
Gloria,849
Charles,850
Bruce,851
Mary,852
Gary,853
Gloria,854
Doris,855
Jonathan,856
Betty,857
Anne,858
Walter,859
Emily,860
Gary,861
Andrew,862
Scott,863
Angela,864
Jerry,865
Antonio,866
Andrea,867
Craig,868
Clarence,869
Ronald,870
Lois,871
Kevin,872
Gary,873
Victor,874
Terry,875
Doris,876
Joe,877
Brenda,878
Amanda,879
Christopher,880
George,881
Helen,882
Betty,883
Gregory,884
Kenneth,885
Karen,886
Larry,887
Ashley,888
Louise,889
Anthony,890
Kelly,891
Melissa,892
Joe,893
Wayne,894
Doris,895
Carol,896
Jennifer,897
Betty,898
Amy,899
Lori,900
Joyce,901
Sean,902
Ralph,903
Cynthia,904
Diane,905
Walter,906
Debra,907
Sean,908
Randy,909
Barbara,910
Wayne,911
Jessica,912
Billy,913
Robin,914
Jason,915
Ruby,916
Brenda,917
Ruby,918
Melissa,919
Kenneth,920
Amanda,921
Keith,922
Jeremy,923
Diana,924
Brandon,925
Bobby,926
Brian,927
Alan,928
Phillip,929
Tammy,930
Melissa,931
Jeremy,932
Keith,933
Emily,934
Henry,935
Philip,936
Jonathan,937
Jacqueline,938
Phyllis,939
Rachel,940
Alice,941
Joshua,942
Stephen,943
Ronald,944
Patrick,945
Patricia,946
Jimmy,947
Juan,948
Timothy,949
Janice,950
Nicole,951
Paula,952
Brian,953
Phyllis,954
Carl,955
Frank,956
Pamela,957
Jonathan,958
Rebecca,959
Lillian,960
Justin,961
David,962
Ryan,963
Joseph,964
Ralph,965
Robin,966
Mark,967
Terry,968
Karen,969
Richard,970
Daniel,971
Evelyn,972
Paula,973
Angela,974
Jeffrey,975
Roy,976
Sara,977
Cheryl,978
Chris,979
Julia,980
Juan,981
Stephen,982
Frances,983
Amy,984
Shawn,985
Michelle,986
Kevin,987
Marie,988
Douglas,989
Bonnie,990
Cynthia,991
Jean,992
Betty,993
David,994
Betty,995
Richard,996
Kelly,997
Clarence,998
Wayne,999
Martha,1000
