id|first_name|last_name|email|gender|ip_address
1|Louise|Tucker|ltucker0@cam.ac.uk|Female|8.237.104.34
2|Jessica|Alexander|jalexander1@flickr.com|Female|199.43.149.170
3|Donald|Freeman|dfreeman2@nymag.com|Male|229.23.208.172
4|Jeremy|Miller|jmiller3@tinyurl.com|Male|241.37.105.206
5|Maria|Chapman|mchapman4@prweb.com|Female|4.173.159.176
6|Rachel|Rose|rrose5@ed.gov|Female|138.126.130.111
7|Carol|Owens|cowens6@wiley.com|Female|146.24.102.65
8|Steven|Rice|srice7@dailymotion.com|Male|28.14.116.15
9|Janice|Hart|jhart8@mediafire.com|Female|177.138.160.95
10|Judy|Williams|jwilliams9@sfgate.com|Female|216.118.3.230
11|Chris|Montgomery|cmontgomerya@go.com|Male|229.158.86.143
12|Andrea|Gibson|agibsonb@pbs.org|Female|243.57.175.44
13|Frank|Gonzalez|fgonzalezc@devhub.com|Male|216.219.228.112
14|Judith|Marshall|jmarshalld@dailymail.co.uk|Female|174.3.85.80
15|Virginia|Berry|vberrye@ning.com|Female|5.4.226.110
16|Randy|Lawrence|rlawrencef@parallels.com|Male|19.14.249.205
17|Phillip|Watkins|pwatkinsg@huffingtonpost.com|Male|64.88.150.154
18|Joseph|White|jwhiteh@yandex.ru|Male|162.72.150.75
19|Ruby|Burns|rburnsi@sina.com.cn|Female|36.131.194.229
20|Thomas|Baker|tbakerj@google.cn|Male|127.241.83.161
21|Virginia|Garza|vgarzak@cnet.com|Female|168.136.209.221
22|Elizabeth|Peterson|epetersonl@hugedomains.com|Female|53.85.203.157
23|Willie|Vasquez|wvasquezm@photobucket.com|Male|152.83.244.41
24|Louis|Black|lblackn@ebay.com|Male|71.131.202.53
25|David|Jenkins|djenkinso@economist.com|Male|80.252.11.178
26|Teresa|Stewart|tstewartp@xinhuanet.com|Female|160.224.236.142
27|Dorothy|Johnston|djohnstonq@nba.com|Female|98.154.162.115
28|Brandon|Rose|broser@prweb.com|Male|13.243.117.190
29|George|Knight|gknights@sciencedirect.com|Male|13.40.93.59
30|Norma|Brown|nbrownt@harvard.edu|Female|233.237.118.42
31|Emily|Turner|eturneru@blinklist.com|Female|224.172.172.253
32|Mildred|Garcia|mgarciav@howstuffworks.com|Female|226.78.173.146
33|Kathleen|Moreno|kmorenow@hatena.ne.jp|Female|220.9.214.93
34|Matthew|Vasquez|mvasquezx@squidoo.com|Male|239.85.199.39
35|Melissa|Mitchell|mmitchelly@intel.com|Female|170.120.143.120
36|Dennis|Washington|dwashingtonz@devhub.com|Male|208.141.32.30
37|Matthew|Stone|mstone10@mediafire.com|Male|185.5.138.240
38|Annie|Martinez|amartinez11@illinois.edu|Female|64.127.150.196
39|Pamela|Wood|pwood12@facebook.com|Female|153.38.138.239
40|Elizabeth|Cunningham|ecunningham13@gizmodo.com|Female|112.62.68.186
41|Ashley|Brooks|abrooks14@people.com.cn|Female|38.65.140.135
42|Steve|Nichols|snichols15@wikia.com|Male|98.36.176.72
43|Helen|Young|hyoung16@artisteer.com|Female|28.60.150.48
44|Raymond|Williamson|rwilliamson17@posterous.com|Male|168.160.70.3
45|Lillian|Chapman|lchapman18@clickbank.net|Female|202.62.119.156
46|Ernest|Hamilton|ehamilton19@mozilla.com|Male|198.220.142.40
47|Christina|Hansen|chansen1a@ycombinator.com|Female|14.19.208.9
48|Elizabeth|Ferguson|eferguson1b@merriam-webster.com|Female|163.115.174.4
49|Chris|West|cwest1c@yelp.com|Male|239.73.113.166
50|Kathleen|Pierce|kpierce1d@japanpost.jp|Female|245.107.168.103
51|Patrick|Bell|pbell1e@merriam-webster.com|Male|208.58.9.173
52|Fred|Fuller|ffuller1f@meetup.com|Male|9.211.184.83
53|Dorothy|Ward|dward1g@gravatar.com|Female|131.250.111.58
54|Kelly|Gomez|kgomez1h@artisteer.com|Female|156.122.120.133
55|Virginia|Ward|vward1i@biblegateway.com|Female|91.12.198.122
56|Amy|Dean|adean1j@dion.ne.jp|Female|136.229.182.96
57|Emily|Simmons|esimmons1k@dyndns.org|Female|143.59.158.173
58|Ruby|Medina|rmedina1l@wikipedia.org|Female|110.123.133.197
59|Karen|Lynch|klynch1m@epa.gov|Female|52.236.159.90
60|Tammy|Cox|tcox1n@webnode.com|Female|110.231.153.95
61|Kevin|Wood|kwood1o@google.nl|Male|81.171.204.55
62|Carolyn|Gonzalez|cgonzalez1p@baidu.com|Female|27.241.73.67
63|Robert|Allen|rallen1q@diigo.com|Male|98.67.105.105
64|Michael|Hawkins|mhawkins1r@zimbio.com|Male|214.43.121.49
65|Frank|Walker|fwalker1s@feedburner.com|Male|250.169.122.111
66|Todd|Lawson|tlawson1t@noaa.gov|Male|238.94.68.1
67|Donald|Richardson|drichardson1u@bluehost.com|Male|76.222.102.154
68|Stephanie|Morales|smorales1v@bbc.co.uk|Female|219.18.75.109
69|Doris|Thompson|dthompson1w@multiply.com|Female|170.201.22.163
70|Julie|Berry|jberry1x@sciencedirect.com|Female|184.173.135.147
71|Lawrence|Franklin|lfranklin1y@aol.com|Male|234.167.67.33
72|Matthew|Graham|mgraham1z@g.co|Male|59.34.201.187
73|Edward|Robinson|erobinson20@google.co.jp|Male|164.55.58.201
74|Andrea|Peterson|apeterson21@nhs.uk|Female|48.41.182.240
75|Johnny|Austin|jaustin22@live.com|Male|136.15.173.146
76|Jennifer|Rice|jrice23@state.tx.us|Female|187.142.224.235
77|Aaron|West|awest24@nbcnews.com|Male|125.123.24.22
78|Stephen|Medina|smedina25@ucsd.edu|Male|78.108.36.245
79|Keith|King|kking26@instagram.com|Male|87.67.80.249
80|Victor|Chapman|vchapman27@webs.com|Male|70.30.96.110
81|Jesse|Perkins|jperkins28@squidoo.com|Male|139.27.195.6
82|Paul|Peters|ppeters29@indiegogo.com|Male|8.213.164.190
83|Nancy|Scott|nscott2a@tinyurl.com|Female|178.50.195.136
84|Joe|Kelly|jkelly2b@youtube.com|Male|71.208.63.27
85|Samuel|Foster|sfoster2c@wired.com|Male|239.207.56.249
86|Anthony|Gomez|agomez2d@seattletimes.com|Male|232.122.8.229
87|Carl|Porter|cporter2e@wp.com|Male|232.132.5.126
88|Lillian|Garcia|lgarcia2f@cbsnews.com|Female|6.170.157.157
89|Michelle|Burke|mburke2g@comsenz.com|Female|166.251.55.9
90|Roger|Murphy|rmurphy2h@vk.com|Male|107.215.47.156
91|Patrick|Nguyen|pnguyen2i@sohu.com|Male|86.154.252.73
92|Carolyn|Jacobs|cjacobs2j@parallels.com|Female|63.109.6.126
93|Terry|Spencer|tspencer2k@goo.ne.jp|Male|139.55.38.159
94|Christopher|Gray|cgray2l@cbc.ca|Male|37.107.30.139
95|Eric|Reyes|ereyes2m@slashdot.org|Male|144.198.69.218
96|Jack|Henderson|jhenderson2n@yellowbook.com|Male|238.103.224.140
97|Stephen|Miller|smiller2o@dedecms.com|Male|244.244.24.100
98|Shirley|Boyd|sboyd2p@xing.com|Female|86.152.127.254
99|Jessica|Reynolds|jreynolds2q@virginia.edu|Female|216.195.173.106
100|Amanda|Oliver|aoliver2r@shareasale.com|Female|156.37.116.166
101|Linda|Burns|lburns2s@bloglovin.com|Female|125.179.132.1
102|Robin|Williams|rwilliams2t@bbb.org|Female|226.48.202.132
103|Jason|Hernandez|jhernandez2u@time.com|Male|9.193.29.143
104|Julia|Larson|jlarson2v@xrea.com|Female|105.239.44.198
105|Juan|Mccoy|jmccoy2w@mediafire.com|Male|142.95.40.195
106|Paul|Cole|pcole2x@amazon.com|Male|130.220.96.128
107|Dennis|Robinson|drobinson2y@archive.org|Male|139.32.151.92
108|Bonnie|Sullivan|bsullivan2z@indiegogo.com|Female|134.74.8.242
109|Brian|Welch|bwelch30@google.cn|Male|101.120.16.30
110|Andrea|Gonzales|agonzales31@wordpress.com|Female|161.185.172.177
111|Dorothy|Stone|dstone32@ucoz.com|Female|169.96.158.31
112|Adam|Moreno|amoreno33@tripadvisor.com|Male|102.44.195.9
113|Marilyn|Perez|mperez34@twitter.com|Female|97.71.104.205
114|Christopher|Young|cyoung35@uol.com.br|Male|8.16.64.117
115|Billy|Reynolds|breynolds36@merriam-webster.com|Male|95.160.3.200
116|Wanda|Rice|wrice37@chicagotribune.com|Female|80.99.201.52
117|Carl|Perez|cperez38@addtoany.com|Male|170.54.198.57
118|Raymond|Greene|rgreene39@illinois.edu|Male|108.107.83.63
119|Christine|Carter|ccarter3a@boston.com|Female|129.37.212.122
120|Gerald|Powell|gpowell3b@fema.gov|Male|237.229.154.113
121|Stephanie|Bishop|sbishop3c@scientificamerican.com|Female|184.253.175.3
122|Bonnie|Walker|bwalker3d@unicef.org|Female|53.132.60.58
123|Sean|Barnes|sbarnes3e@marketwatch.com|Male|36.57.231.249
124|Billy|Duncan|bduncan3f@taobao.com|Male|90.130.123.220
125|James|Edwards|jedwards3g@reverbnation.com|Male|27.242.147.158
126|Rachel|Sanders|rsanders3h@earthlink.net|Female|49.181.28.221
127|Billy|Graham|bgraham3i@facebook.com|Male|9.128.5.164
128|Charles|Holmes|cholmes3j@engadget.com|Male|91.21.222.231
129|Ronald|Wells|rwells3k@china.com.cn|Male|224.2.143.191
130|Dorothy|Martin|dmartin3l@wordpress.com|Female|235.76.69.52
131|Walter|Tucker|wtucker3m@comcast.net|Male|0.83.172.226
132|Sara|Patterson|spatterson3n@twitter.com|Female|77.21.87.185
133|Judith|Morgan|jmorgan3o@hugedomains.com|Female|177.140.168.57
134|Alan|Fisher|afisher3p@webs.com|Male|59.160.33.230
135|Melissa|Dixon|mdixon3q@slideshare.net|Female|201.19.184.204
136|Donald|Kennedy|dkennedy3r@uol.com.br|Male|170.12.125.142
137|Ronald|Stewart|rstewart3s@biglobe.ne.jp|Male|218.109.6.192
138|Bonnie|Myers|bmyers3t@abc.net.au|Female|213.146.120.51
139|Janice|Martinez|jmartinez3u@linkedin.com|Female|7.151.164.194
140|Julie|Harris|jharris3v@craigslist.org|Female|172.113.131.63
141|Alice|Kelley|akelley3w@usa.gov|Female|190.225.31.177
142|Gregory|Taylor|gtaylor3x@nifty.com|Male|20.167.62.30
143|Jack|Jackson|jjackson3y@php.net|Male|146.92.178.59
144|Joan|Ryan|jryan3z@google.it|Female|21.224.131.112
145|Scott|Johnson|sjohnson40@sun.com|Male|87.64.85.180
146|Kathryn|Reyes|kreyes41@yelp.com|Female|179.20.97.41
147|Maria|Edwards|medwards42@sohu.com|Female|54.255.63.34
148|Janet|Bennett|jbennett43@patch.com|Female|22.238.3.243
149|Robert|Little|rlittle44@cnbc.com|Male|205.157.6.73
150|Jessica|Lynch|jlynch45@princeton.edu|Female|32.168.185.138
151|Nancy|Garza|ngarza46@blogtalkradio.com|Female|42.26.109.87
152|Alan|Murray|amurray47@t.co|Male|11.49.4.76
153|Diana|Foster|dfoster48@friendfeed.com|Female|164.191.76.178
154|Lori|Dunn|ldunn49@seattletimes.com|Female|38.117.198.21
155|Louise|Lane|llane4a@sogou.com|Female|64.35.84.188
156|Andrea|Alexander|aalexander4b@pinterest.com|Female|202.51.170.175
157|Harry|Romero|hromero4c@abc.net.au|Male|209.120.190.4
158|John|Mccoy|jmccoy4d@studiopress.com|Male|230.9.133.170
159|Cheryl|Payne|cpayne4e@jiathis.com|Female|12.233.108.91
160|Ashley|Wheeler|awheeler4f@mlb.com|Female|234.182.173.204
161|Eugene|Patterson|epatterson4g@narod.ru|Male|181.125.113.14
162|Alan|Perkins|aperkins4h@nps.gov|Male|42.24.194.232
163|Cheryl|Young|cyoung4i@nba.com|Female|99.139.38.65
164|Sarah|Torres|storres4j@boston.com|Female|210.18.154.195
165|Brenda|Franklin|bfranklin4k@360.cn|Female|111.103.211.227
166|Patrick|Franklin|pfranklin4l@discovery.com|Male|41.55.130.197
167|Margaret|Boyd|mboyd4m@imgur.com|Female|156.181.207.128
168|Robert|Lee|rlee4n@cornell.edu|Male|43.35.130.231
169|Mark|Dixon|mdixon4o@jigsy.com|Male|210.87.81.111
170|Nicholas|James|njames4p@bizjournals.com|Male|94.28.119.221
171|Jessica|Watkins|jwatkins4q@tuttocitta.it|Female|104.245.155.98
172|Shirley|Boyd|sboyd4r@ftc.gov|Female|42.247.143.150
173|Anna|Willis|awillis4s@gnu.org|Female|0.90.39.65
174|Debra|Henderson|dhenderson4t@zimbio.com|Female|145.28.221.91
175|Sara|Walker|swalker4u@com.com|Female|235.252.44.36
176|Albert|Freeman|afreeman4v@instagram.com|Male|126.251.234.229
177|Marilyn|Riley|mriley4w@furl.net|Female|170.224.24.92
178|Betty|Perry|bperry4x@booking.com|Female|87.147.223.89
179|Karen|Hunt|khunt4y@mapy.cz|Female|178.213.133.17
180|Johnny|Morrison|jmorrison4z@mlb.com|Male|143.188.183.27
181|Jean|Phillips|jphillips50@senate.gov|Female|237.31.91.1
182|Raymond|Reyes|rreyes51@opensource.org|Male|11.213.14.110
183|Joshua|Alexander|jalexander52@princeton.edu|Male|169.5.96.179
184|Edward|Edwards|eedwards53@jalbum.net|Male|174.33.239.169
185|Katherine|Johnson|kjohnson54@nifty.com|Female|109.107.6.126
186|Janice|Adams|jadams55@yolasite.com|Female|76.128.136.164
187|Michelle|Carr|mcarr56@dedecms.com|Female|15.122.66.187
188|Jacqueline|Richardson|jrichardson57@ca.gov|Female|133.177.86.244
189|Gloria|Brown|gbrown58@tumblr.com|Female|226.225.9.190
190|John|Jordan|jjordan59@drupal.org|Male|193.211.27.151
191|Mary|Fowler|mfowler5a@intel.com|Female|204.142.25.147
192|Julia|Marshall|jmarshall5b@npr.org|Female|71.81.245.246
193|Lawrence|Collins|lcollins5c@ihg.com|Male|187.174.150.45
194|Frank|Perkins|fperkins5d@weebly.com|Male|246.47.196.42
195|Anne|Holmes|aholmes5e@china.com.cn|Female|60.16.164.173
196|Phillip|Price|pprice5f@twitter.com|Male|149.109.93.50
197|Anthony|Thompson|athompson5g@adobe.com|Male|67.200.225.227
198|Gloria|Hart|ghart5h@youku.com|Female|23.169.200.96
199|Rebecca|Long|rlong5i@forbes.com|Female|159.238.27.87
200|Sarah|Stewart|sstewart5j@wufoo.com|Female|63.35.110.237
201|Phyllis|Williamson|pwilliamson5k@nhs.uk|Female|48.178.71.158
202|Lawrence|Sanchez|lsanchez5l@seattletimes.com|Male|54.79.86.15
203|Terry|Dean|tdean5m@qq.com|Male|115.48.139.221
204|Henry|Morris|hmorris5n@tripadvisor.com|Male|63.27.87.136
205|Louise|King|lking5o@jiathis.com|Female|144.178.231.220
206|Stephanie|Hicks|shicks5p@theglobeandmail.com|Female|186.69.18.125
207|Carlos|Sanchez|csanchez5q@histats.com|Male|154.115.27.52
208|Craig|Morales|cmorales5r@cornell.edu|Male|8.25.165.196
209|Katherine|Carr|kcarr5s@cbsnews.com|Female|184.37.22.60
210|Sarah|Hamilton|shamilton5t@kickstarter.com|Female|6.194.100.198
211|Charles|Andrews|candrews5u@princeton.edu|Male|4.78.19.180
212|Martin|Fernandez|mfernandez5v@delicious.com|Male|215.50.162.97
213|Linda|Morrison|lmorrison5w@cam.ac.uk|Female|241.151.147.200
214|Ashley|Lawrence|alawrence5x@g.co|Female|168.216.93.63
215|John|Jones|jjones5y@addtoany.com|Male|104.160.85.245
216|Bonnie|Ross|bross5z@guardian.co.uk|Female|194.87.68.58
217|Stephanie|Hunt|shunt60@wisc.edu|Female|186.161.45.92
218|Joshua|Butler|jbutler61@miibeian.gov.cn|Male|44.246.39.44
219|Tina|Bennett|tbennett62@123-reg.co.uk|Female|87.135.57.250
220|Joyce|Young|jyoung63@sbwire.com|Female|13.142.89.17
221|Anna|Fowler|afowler64@xrea.com|Female|92.215.8.24
222|Mark|Anderson|manderson65@clickbank.net|Male|135.202.172.163
223|Howard|Freeman|hfreeman66@smh.com.au|Male|191.92.228.60
224|Brandon|Bradley|bbradley67@oaic.gov.au|Male|193.177.75.185
225|Todd|Tucker|ttucker68@usa.gov|Male|39.1.117.241
226|Wanda|Hamilton|whamilton69@adobe.com|Female|64.0.251.171
227|Kelly|Cox|kcox6a@time.com|Female|59.127.68.152
228|Louis|Parker|lparker6b@ibm.com|Male|146.10.73.21
229|Eric|Brooks|ebrooks6c@cisco.com|Male|34.70.44.99
230|Robert|Walker|rwalker6d@istockphoto.com|Male|173.105.146.139
231|Lawrence|Hansen|lhansen6e@army.mil|Male|74.77.114.251
232|Frances|Myers|fmyers6f@shareasale.com|Female|248.98.61.84
233|Alan|Henderson|ahenderson6g@cdbaby.com|Male|147.127.228.13
234|Shawn|Thomas|sthomas6h@google.ru|Male|84.243.190.8
235|Kathy|Kim|kkim6i@sciencedaily.com|Female|144.60.217.255
236|Joshua|Ortiz|jortiz6j@wikia.com|Male|39.132.30.163
237|Juan|Webb|jwebb6k@tmall.com|Male|139.216.143.188
238|Harold|Morris|hmorris6l@techcrunch.com|Male|75.237.230.149
239|William|Lewis|wlewis6m@mysql.com|Male|187.84.116.133
240|Victor|Walker|vwalker6n@twitter.com|Male|89.9.54.3
241|Jean|Kelley|jkelley6o@booking.com|Female|156.105.220.149
242|Rebecca|Gardner|rgardner6p@addthis.com|Female|159.173.3.106
243|Rose|Reyes|rreyes6q@hexun.com|Female|164.225.213.140
244|Michelle|Larson|mlarson6r@oakley.com|Female|118.144.73.240
245|Martin|Fowler|mfowler6s@uiuc.edu|Male|227.77.135.119
246|Judith|Bailey|jbailey6t@wufoo.com|Female|197.128.26.7
247|Stephanie|Chavez|schavez6u@berkeley.edu|Female|186.120.206.211
248|Emily|Clark|eclark6v@kickstarter.com|Female|29.191.161.33
249|Craig|Sims|csims6w@digg.com|Male|91.57.34.83
250|Ruby|George|rgeorge6x@opensource.org|Female|241.115.191.42
251|Joshua|Evans|jevans6y@google.com.au|Male|163.75.7.148
252|Carol|Schmidt|cschmidt6z@desdev.cn|Female|73.243.136.99
253|Keith|Morrison|kmorrison70@ocn.ne.jp|Male|175.132.162.37
254|Lisa|Mitchell|lmitchell71@disqus.com|Female|244.5.202.39
255|Terry|Woods|twoods72@phoca.cz|Male|93.141.183.243
256|Deborah|Gonzales|dgonzales73@zimbio.com|Female|133.89.214.228
257|Roy|Murphy|rmurphy74@edublogs.org|Male|118.68.241.70
258|Christopher|Baker|cbaker75@studiopress.com|Male|246.103.57.86
259|Ralph|Morrison|rmorrison76@list-manage.com|Male|34.41.158.56
260|Linda|Banks|lbanks77@taobao.com|Female|26.236.81.160
261|Cheryl|Larson|clarson78@mlb.com|Female|198.61.114.41
262|Howard|Medina|hmedina79@businessinsider.com|Male|17.171.141.191
263|Bruce|Mason|bmason7a@nationalgeographic.com|Male|251.39.59.77
264|Jesse|Cole|jcole7b@ftc.gov|Male|154.203.178.240
265|Richard|Barnes|rbarnes7c@fda.gov|Male|152.90.235.151
266|Richard|Bishop|rbishop7d@latimes.com|Male|148.147.46.199
267|Eric|Banks|ebanks7e@dailymotion.com|Male|185.220.251.133
268|Christina|Clark|cclark7f@lulu.com|Female|11.30.2.16
269|Virginia|Peters|vpeters7g@sphinn.com|Female|130.7.38.245
270|Donald|Schmidt|dschmidt7h@pinterest.com|Male|240.238.150.196
271|Joseph|Clark|jclark7i@un.org|Male|166.249.52.63
272|Ronald|Murphy|rmurphy7j@macromedia.com|Male|223.210.245.79
273|Phyllis|Mason|pmason7k@google.it|Female|18.210.38.25
274|James|Stevens|jstevens7l@behance.net|Male|193.67.20.139
275|Nicole|Fox|nfox7m@etsy.com|Female|23.237.41.41
276|Jose|Meyer|jmeyer7n@hexun.com|Male|49.127.132.249
277|Steve|Phillips|sphillips7o@spiegel.de|Male|159.54.124.226
278|Paula|Little|plittle7p@japanpost.jp|Female|17.77.124.61
279|Thomas|Gomez|tgomez7q@blogs.com|Male|129.178.95.43
280|Steve|Porter|sporter7r@unesco.org|Male|6.173.213.46
281|Kathy|Griffin|kgriffin7s@europa.eu|Female|63.73.126.200
282|Kenneth|Gilbert|kgilbert7t@blog.com|Male|155.71.66.255
283|Earl|White|ewhite7u@networkadvertising.org|Male|251.151.115.225
284|Catherine|Cooper|ccooper7v@gizmodo.com|Female|81.236.220.231
285|Susan|Meyer|smeyer7w@discuz.net|Female|126.79.26.62
286|Sandra|Stanley|sstanley7x@cmu.edu|Female|97.69.53.10
287|Debra|Black|dblack7y@princeton.edu|Female|253.172.167.195
288|Albert|Davis|adavis7z@free.fr|Male|226.251.144.226
289|Andrew|Carter|acarter80@artisteer.com|Male|187.66.182.6
290|John|Lopez|jlopez81@ehow.com|Male|29.251.77.102
291|Laura|Foster|lfoster82@cloudflare.com|Female|236.38.148.206
292|Evelyn|Myers|emyers83@lycos.com|Female|17.100.166.154
293|Nicole|Medina|nmedina84@umich.edu|Female|31.197.148.82
294|Karen|Price|kprice85@scientificamerican.com|Female|100.109.36.102
295|Patricia|Cooper|pcooper86@printfriendly.com|Female|54.194.149.233
296|Ryan|Alvarez|ralvarez87@liveinternet.ru|Male|154.75.74.37
297|Julie|Dean|jdean88@google.com.br|Female|95.154.87.222
298|Jesse|Fisher|jfisher89@mozilla.org|Male|55.82.156.142
299|Norma|Walker|nwalker8a@vkontakte.ru|Female|152.132.176.17
300|Mark|Jenkins|mjenkins8b@feedburner.com|Male|172.90.22.143
301|Dennis|Baker|dbaker8c@cisco.com|Male|239.115.243.239
302|Christopher|Moreno|cmoreno8d@opensource.org|Male|27.64.206.57
303|Wanda|Morales|wmorales8e@google.ca|Female|219.34.2.216
304|Thomas|Weaver|tweaver8f@blinklist.com|Male|72.119.206.64
305|Joyce|Owens|jowens8g@sciencedirect.com|Female|230.136.97.107
306|Emily|Carpenter|ecarpenter8h@hugedomains.com|Female|74.222.195.213
307|Pamela|Murphy|pmurphy8i@hao123.com|Female|199.248.47.21
308|Gary|Myers|gmyers8j@addthis.com|Male|19.139.206.225
309|Linda|Roberts|lroberts8k@noaa.gov|Female|175.16.247.225
310|Kathleen|Moreno|kmoreno8l@tiny.cc|Female|63.207.45.37
311|Ryan|Elliott|relliott8m@unc.edu|Male|6.41.171.90
312|Ryan|Wallace|rwallace8n@angelfire.com|Male|43.45.136.4
313|Jonathan|Greene|jgreene8o@blogtalkradio.com|Male|123.245.53.165
314|Jeremy|Shaw|jshaw8p@quantcast.com|Male|246.130.232.23
315|James|Fuller|jfuller8q@nba.com|Male|28.107.104.83
316|Timothy|Murray|tmurray8r@digg.com|Male|55.213.100.183
317|Christopher|Evans|cevans8s@comcast.net|Male|251.123.182.160
318|Charles|Bradley|cbradley8t@cisco.com|Male|142.43.193.45
319|Emily|Andrews|eandrews8u@discovery.com|Female|237.252.135.39
320|Kenneth|Murray|kmurray8v@mozilla.com|Male|177.193.153.178
321|Julia|Davis|jdavis8w@wix.com|Female|220.251.128.128
322|Daniel|Ruiz|druiz8x@youku.com|Male|247.233.60.5
323|Patrick|Phillips|pphillips8y@comcast.net|Male|124.54.176.255
324|Joe|Rivera|jrivera8z@icio.us|Male|146.211.118.181
325|Harry|Perry|hperry90@japanpost.jp|Male|15.166.79.222
326|Denise|Fowler|dfowler91@irs.gov|Female|48.99.46.209
327|Willie|Porter|wporter92@nyu.edu|Male|193.149.37.36
328|William|Powell|wpowell93@mit.edu|Male|132.247.35.215
329|Christopher|Perez|cperez94@uol.com.br|Male|167.90.17.99
330|Jonathan|Kim|jkim95@woothemes.com|Male|15.108.78.27
331|Raymond|James|rjames96@jigsy.com|Male|137.21.41.70
332|Bonnie|Hanson|bhanson97@msn.com|Female|1.183.108.211
333|Victor|Romero|vromero98@tamu.edu|Male|179.75.131.107
334|Joe|Wheeler|jwheeler99@fc2.com|Male|31.136.213.153
335|Kimberly|Morris|kmorris9a@businessweek.com|Female|87.84.166.135
336|Martha|Cole|mcole9b@myspace.com|Female|11.66.24.55
337|Tammy|Schmidt|tschmidt9c@bloglines.com|Female|91.135.225.118
338|Terry|Garza|tgarza9d@globo.com|Male|243.242.166.105
339|Ashley|Peterson|apeterson9e@jigsy.com|Female|99.38.230.33
340|Kathleen|Meyer|kmeyer9f@twitter.com|Female|240.31.45.94
341|Richard|Jenkins|rjenkins9g@ibm.com|Male|202.102.135.196
342|Annie|Burton|aburton9h@usnews.com|Female|145.74.139.153
343|Nicole|Simpson|nsimpson9i@tmall.com|Female|97.18.168.85
344|Thomas|Collins|tcollins9j@ow.ly|Male|104.20.79.25
345|Jason|Lynch|jlynch9k@economist.com|Male|66.88.146.30
346|Michelle|Pierce|mpierce9l@dropbox.com|Female|86.216.105.138
347|Emily|Bowman|ebowman9m@marriott.com|Female|236.62.37.185
348|Sara|Medina|smedina9n@desdev.cn|Female|118.143.36.76
349|Louis|Parker|lparker9o@wordpress.com|Male|244.86.219.204
350|Maria|Little|mlittle9p@bluehost.com|Female|55.142.213.197
351|Anthony|Stephens|astephens9q@sciencedirect.com|Male|2.55.208.214
352|Christine|Morgan|cmorgan9r@example.com|Female|19.162.107.253
353|Ashley|Welch|awelch9s@disqus.com|Female|108.122.137.68
354|Joan|Hudson|jhudson9t@moonfruit.com|Female|205.138.167.42
355|Barbara|Hanson|bhanson9u@dion.ne.jp|Female|207.134.156.38
356|Billy|Burton|bburton9v@blogger.com|Male|187.110.67.64
357|Steve|Freeman|sfreeman9w@nymag.com|Male|25.100.65.84
358|Susan|Gutierrez|sgutierrez9x@vinaora.com|Female|202.48.240.134
359|Rose|Castillo|rcastillo9y@cnn.com|Female|142.19.8.55
360|Tina|Carter|tcarter9z@goo.ne.jp|Female|172.25.6.35
361|Cynthia|Daniels|cdanielsa0@npr.org|Female|128.0.254.29
362|Marilyn|Banks|mbanksa1@smh.com.au|Female|224.1.176.195
363|Eric|Gardner|egardnera2@seesaa.net|Male|22.249.169.79
364|Peter|Matthews|pmatthewsa3@fc2.com|Male|65.18.246.106
365|Paula|Jones|pjonesa4@last.fm|Female|211.69.83.105
366|Ralph|Burns|rburnsa5@senate.gov|Male|237.209.50.223
367|Johnny|Hansen|jhansena6@google.es|Male|14.85.243.117
368|Mary|Wright|mwrighta7@tumblr.com|Female|90.212.48.161
369|Joan|Myers|jmyersa8@last.fm|Female|246.133.110.197
370|Scott|Perkins|sperkinsa9@exblog.jp|Male|176.54.89.240
371|Wayne|Welch|wwelchaa@blogspot.com|Male|235.38.13.193
372|Eric|Rose|eroseab@irs.gov|Male|224.33.178.174
373|Michael|Ellis|mellisac@ucla.edu|Male|134.33.77.73
374|Gregory|Howard|ghowardad@github.io|Male|197.227.176.69
375|Diana|Wells|dwellsae@earthlink.net|Female|187.156.211.220
376|Joe|Richards|jrichardsaf@dailymail.co.uk|Male|239.228.80.87
377|Earl|Black|eblackag@godaddy.com|Male|56.212.147.165
378|Christine|Bishop|cbishopah@sourceforge.net|Female|208.254.16.251
379|William|Edwards|wedwardsai@jiathis.com|Male|82.190.135.238
380|Sara|Stanley|sstanleyaj@xinhuanet.com|Female|223.174.153.227
381|Carol|Bailey|cbaileyak@sphinn.com|Female|194.123.141.156
382|Doris|Hanson|dhansonal@howstuffworks.com|Female|189.171.25.224
383|Karen|Franklin|kfranklinam@smh.com.au|Female|30.111.95.250
384|William|Lopez|wlopezan@un.org|Male|224.73.167.54
385|Joan|Lynch|jlynchao@tmall.com|Female|67.57.189.113
386|Ruby|Patterson|rpattersonap@ca.gov|Female|188.129.94.179
387|Alan|Gutierrez|agutierrezaq@alexa.com|Male|212.73.17.87
388|Michael|Jones|mjonesar@gravatar.com|Male|132.24.89.152
389|Samuel|Chapman|schapmanas@mozilla.com|Male|233.208.85.226
390|Juan|Myers|jmyersat@theguardian.com|Male|128.79.6.23
391|Dorothy|Wallace|dwallaceau@plala.or.jp|Female|72.91.183.246
392|Ryan|Gibson|rgibsonav@list-manage.com|Male|0.227.204.116
393|Ashley|Lynch|alynchaw@shareasale.com|Female|185.216.164.174
394|Robin|Richards|rrichardsax@theatlantic.com|Female|186.234.58.14
395|Chris|Allen|callenay@accuweather.com|Male|164.24.45.47
396|Lisa|Wheeler|lwheeleraz@dmoz.org|Female|123.233.140.221
397|Sara|Crawford|scrawfordb0@weebly.com|Female|201.126.78.255
398|Sandra|Allen|sallenb1@google.com.hk|Female|91.249.217.186
399|Ann|Holmes|aholmesb2@samsung.com|Female|11.228.36.28
400|Sharon|Harper|sharperb3@buzzfeed.com|Female|84.185.126.136
401|Christina|George|cgeorgeb4@meetup.com|Female|124.205.40.219
402|Jonathan|Hughes|jhughesb5@wordpress.org|Male|80.77.108.80
403|Arthur|Hernandez|ahernandezb6@princeton.edu|Male|24.125.191.177
404|Richard|Taylor|rtaylorb7@apple.com|Male|211.245.196.248
405|Doris|Miller|dmillerb8@dell.com|Female|244.184.72.123
406|Stephen|Cox|scoxb9@nasa.gov|Male|65.74.217.135
407|Raymond|Parker|rparkerba@wiley.com|Male|243.95.7.196
408|Bonnie|Wilson|bwilsonbb@rediff.com|Female|204.80.225.199
409|Carolyn|Harrison|charrisonbc@technorati.com|Female|101.192.177.238
410|Ernest|Dunn|edunnbd@merriam-webster.com|Male|213.138.254.4
411|Matthew|Holmes|mholmesbe@usnews.com|Male|115.172.153.223
412|Kelly|Hayes|khayesbf@exblog.jp|Female|108.236.175.121
413|Kathleen|Sullivan|ksullivanbg@phoca.cz|Female|23.181.5.178
414|Melissa|Nguyen|mnguyenbh@mashable.com|Female|142.195.184.135
415|Earl|Greene|egreenebi@toplist.cz|Male|3.215.247.2
416|Harold|Franklin|hfranklinbj@oracle.com|Male|98.13.237.238
417|Samuel|Alexander|salexanderbk@merriam-webster.com|Male|124.51.67.134
418|Arthur|Harvey|aharveybl@ifeng.com|Male|69.219.145.155
419|Louis|Porter|lporterbm@umich.edu|Male|153.141.149.115
420|Juan|Evans|jevansbn@zdnet.com|Male|223.182.252.186
421|Jacqueline|Allen|jallenbo@xrea.com|Female|67.72.137.207
422|Ann|Phillips|aphillipsbp@bandcamp.com|Female|199.100.19.89
423|Christine|Vasquez|cvasquezbq@amazon.com|Female|59.248.244.35
424|Jimmy|Rose|jrosebr@linkedin.com|Male|139.42.235.0
425|Nicholas|Medina|nmedinabs@issuu.com|Male|209.216.141.78
426|Roger|Hughes|rhughesbt@sogou.com|Male|114.141.169.199
427|Ryan|Morales|rmoralesbu@ning.com|Male|99.144.115.85
428|Mildred|Dean|mdeanbv@google.com.hk|Female|23.189.120.145
429|Jeffrey|Lewis|jlewisbw@soundcloud.com|Male|183.226.56.249
430|Betty|Cruz|bcruzbx@bbc.co.uk|Female|109.239.190.161
431|Pamela|Hill|phillby@cbsnews.com|Female|198.186.222.146
432|Jesse|Carr|jcarrbz@acquirethisname.com|Male|105.243.117.62
433|Gerald|Hansen|ghansenc0@unc.edu|Male|21.239.123.159
434|Joan|Black|jblackc1@quantcast.com|Female|32.9.196.137
435|Laura|Ford|lfordc2@vistaprint.com|Female|29.167.237.229
436|Marilyn|Ramos|mramosc3@gizmodo.com|Female|24.207.186.49
437|Jack|Gardner|jgardnerc4@exblog.jp|Male|254.102.248.70
438|Jerry|Lane|jlanec5@goo.ne.jp|Male|223.5.40.12
439|Karen|Ward|kwardc6@technorati.com|Female|42.204.51.113
440|Randy|Henderson|rhendersonc7@forbes.com|Male|14.214.201.74
441|Jimmy|Boyd|jboydc8@youtube.com|Male|181.247.234.79
442|Susan|Woods|swoodsc9@51.la|Female|1.33.13.212
443|Eric|Elliott|eelliottca@nationalgeographic.com|Male|31.80.229.50
444|Irene|Little|ilittlecb@cpanel.net|Female|116.224.139.61
445|Ruth|Ray|rraycc@hostgator.com|Female|65.229.179.245
446|Kathryn|Miller|kmillercd@e-recht24.de|Female|47.59.170.159
447|Louis|Payne|lpaynece@usgs.gov|Male|155.28.12.97
448|Harry|Freeman|hfreemancf@cnbc.com|Male|163.119.112.8
449|Walter|Simpson|wsimpsoncg@wikispaces.com|Male|37.226.38.231
450|Jeffrey|Patterson|jpattersonch@icio.us|Male|42.38.107.246
451|Joan|Fernandez|jfernandezci@chron.com|Female|248.177.104.62
452|Todd|Tucker|ttuckercj@newyorker.com|Male|230.220.214.53
453|Donna|Hudson|dhudsonck@google.ca|Female|176.43.144.1
454|Samuel|Medina|smedinacl@free.fr|Male|94.1.147.186
455|Heather|Mendoza|hmendozacm@loc.gov|Female|160.166.136.216
456|Kenneth|George|kgeorgecn@theguardian.com|Male|10.244.100.20
457|Kathleen|Taylor|ktaylorco@oracle.com|Female|78.114.28.131
458|Eric|Young|eyoungcp@msu.edu|Male|46.241.169.31
459|Rose|Carpenter|rcarpentercq@nba.com|Female|156.245.11.90
460|Antonio|Hill|ahillcr@guardian.co.uk|Male|111.211.216.135
461|Louise|Owens|lowenscs@rediff.com|Female|78.145.36.219
462|Scott|Owens|sowensct@wp.com|Male|238.15.2.93
463|Shirley|Wagner|swagnercu@statcounter.com|Female|19.222.240.163
464|Charles|Davis|cdaviscv@addthis.com|Male|142.253.252.17
465|Robert|Hernandez|rhernandezcw@va.gov|Male|214.247.200.161
466|Patricia|Cunningham|pcunninghamcx@soundcloud.com|Female|26.121.194.215
467|Susan|James|sjamescy@facebook.com|Female|81.130.184.118
468|James|Peterson|jpetersoncz@weather.com|Male|195.149.154.18
469|Margaret|Willis|mwillisd0@tiny.cc|Female|5.38.4.247
470|Todd|Scott|tscottd1@flavors.me|Male|169.21.57.177
471|Phyllis|Powell|ppowelld2@goo.gl|Female|118.0.8.165
472|Teresa|Duncan|tduncand3@plala.or.jp|Female|181.103.45.121
473|Dennis|Lawson|dlawsond4@quantcast.com|Male|122.208.97.184
474|Billy|Johnson|bjohnsond5@nationalgeographic.com|Male|121.168.115.62
475|Robin|Evans|revansd6@foxnews.com|Female|103.60.112.225
476|Joshua|Moreno|jmorenod7@nsw.gov.au|Male|198.144.41.53
477|Eugene|Hanson|ehansond8@edublogs.org|Male|222.150.31.160
478|Benjamin|Anderson|bandersond9@fda.gov|Male|10.109.32.99
479|Ruby|Crawford|rcrawfordda@noaa.gov|Female|20.242.154.43
480|Rebecca|Howard|rhowarddb@discuz.net|Female|34.156.52.37
481|Nancy|Lee|nleedc@w3.org|Female|77.196.230.57
482|Nicholas|Ruiz|nruizdd@tripadvisor.com|Male|35.172.54.49
483|Carol|Oliver|coliverde@merriam-webster.com|Female|54.196.255.104
484|Shirley|Fuller|sfullerdf@washingtonpost.com|Female|87.117.237.55
485|William|Little|wlittledg@sitemeter.com|Male|66.49.33.29
486|Timothy|Warren|twarrendh@washington.edu|Male|143.112.138.233
487|Doris|Gardner|dgardnerdi@arstechnica.com|Female|168.193.172.251
488|Sara|Cunningham|scunninghamdj@paginegialle.it|Female|164.127.76.114
489|Emily|Alexander|ealexanderdk@sphinn.com|Female|237.2.183.69
490|Stephanie|Boyd|sboyddl@sourceforge.net|Female|206.4.184.162
491|Jesse|Perez|jperezdm@noaa.gov|Male|80.241.59.247
492|Nancy|Gardner|ngardnerdn@wp.com|Female|54.232.248.119
493|Susan|Tucker|stuckerdo@diigo.com|Female|245.146.127.172
494|Rebecca|Jackson|rjacksondp@ow.ly|Female|179.68.160.56
495|Brian|Lane|blanedq@youku.com|Male|42.80.212.63
496|Rose|Morgan|rmorgandr@domainmarket.com|Female|64.85.89.53
497|Ryan|Arnold|rarnoldds@lycos.com|Male|41.62.20.195
498|Johnny|Burns|jburnsdt@php.net|Male|194.17.70.120
499|Donna|Bradley|dbradleydu@google.co.uk|Female|156.142.1.241
500|Charles|Hanson|chansondv@wix.com|Male|164.112.184.159
501|Anne|Fowler|afowlerdw@marriott.com|Female|108.141.96.93
502|Randy|Simmons|rsimmonsdx@webs.com|Male|19.140.86.10
503|Aaron|Patterson|apattersondy@ycombinator.com|Male|5.127.38.41
504|Nicole|Wood|nwooddz@51.la|Female|149.42.15.8
505|Anna|Gonzalez|agonzaleze0@cisco.com|Female|254.67.31.197
506|Mary|Gonzales|mgonzalese1@hc360.com|Female|19.47.44.124
507|Carolyn|Peters|cpeterse2@bravesites.com|Female|99.191.214.30
508|Louis|Carroll|lcarrolle3@ning.com|Male|159.29.77.105
509|Jessica|Russell|jrusselle4@github.com|Female|165.71.7.178
510|Irene|Pierce|ipiercee5@instagram.com|Female|96.51.133.5
511|Edward|Howard|ehowarde6@omniture.com|Male|243.4.236.98
512|Michelle|Garza|mgarzae7@ihg.com|Female|20.93.6.114
513|Emily|Castillo|ecastilloe8@cam.ac.uk|Female|65.108.70.139
514|Brenda|Mills|bmillse9@sfgate.com|Female|185.236.177.199
515|Stephen|Howard|showardea@wp.com|Male|30.105.125.20
516|Carolyn|Collins|ccollinseb@example.com|Female|75.139.97.87
517|Phillip|Kennedy|pkennedyec@cam.ac.uk|Male|160.15.17.130
518|Rachel|Patterson|rpattersoned@miibeian.gov.cn|Female|4.116.101.11
519|Ernest|Richards|erichardsee@shutterfly.com|Male|169.148.60.17
520|Bonnie|Shaw|bshawef@thetimes.co.uk|Female|16.243.240.70
521|Deborah|Nguyen|dnguyeneg@lulu.com|Female|145.77.129.53
522|Jonathan|King|jkingeh@wikispaces.com|Male|100.74.183.236
523|Bruce|Gibson|bgibsonei@symantec.com|Male|83.177.249.182
524|Juan|Fuller|jfullerej@sourceforge.net|Male|149.81.186.158
525|Annie|Peters|apetersek@behance.net|Female|254.240.30.123
526|Katherine|Diaz|kdiazel@addthis.com|Female|104.228.51.173
527|Walter|Bailey|wbaileyem@reference.com|Male|16.24.222.111
528|Catherine|Frazier|cfrazieren@hexun.com|Female|153.50.242.26
529|Mark|Carroll|mcarrolleo@tumblr.com|Male|87.52.179.77
530|Carolyn|Bell|cbellep@paginegialle.it|Female|207.178.90.189
531|Russell|Medina|rmedinaeq@clickbank.net|Male|164.133.217.118
532|Lillian|Rice|lriceer@google.nl|Female|70.246.144.254
533|Stephen|Thompson|sthompsones@histats.com|Male|247.0.14.107
534|Joyce|Pierce|jpierceet@cargocollective.com|Female|216.96.254.88
535|Carol|Powell|cpowelleu@naver.com|Female|226.185.251.126
536|Judy|Webb|jwebbev@biglobe.ne.jp|Female|233.91.107.0
537|Joan|Stevens|jstevensew@quantcast.com|Female|75.134.54.109
538|Edward|Rivera|eriveraex@yahoo.co.jp|Male|149.31.166.185
539|Kimberly|Wells|kwellsey@fotki.com|Female|174.93.156.106
540|Jack|Hudson|jhudsonez@imgur.com|Male|57.201.149.214
541|Ronald|Bowman|rbowmanf0@fastcompany.com|Male|168.63.117.25
542|Michelle|Robertson|mrobertsonf1@washington.edu|Female|145.81.58.73
543|Paula|Taylor|ptaylorf2@slideshare.net|Female|13.34.47.91
544|Michelle|Peterson|mpetersonf3@youku.com|Female|135.148.186.17
545|Barbara|Nichols|bnicholsf4@zimbio.com|Female|150.27.105.17
546|Norma|Fisher|nfisherf5@instagram.com|Female|142.119.151.15
547|Theresa|Hall|thallf6@google.com|Female|239.231.85.246
548|Jimmy|Matthews|jmatthewsf7@craigslist.org|Male|41.106.227.78
549|Paula|Dixon|pdixonf8@skyrock.com|Female|248.198.178.162
550|Sharon|Williams|swilliamsf9@cbsnews.com|Female|80.149.152.237
551|Marilyn|Turner|mturnerfa@wix.com|Female|96.45.234.46
552|Jack|Hamilton|jhamiltonfb@wunderground.com|Male|234.165.61.215
553|Annie|Jackson|ajacksonfc@usnews.com|Female|155.160.181.73
554|Janet|Lawrence|jlawrencefd@blogger.com|Female|184.125.227.115
555|Linda|Nichols|lnicholsfe@seesaa.net|Female|47.52.194.181
556|Anne|Vasquez|avasquezff@netscape.com|Female|82.8.238.152
557|Andrea|Banks|abanksfg@quantcast.com|Female|141.144.38.163
558|Amy|Jacobs|ajacobsfh@unicef.org|Female|241.71.26.155
559|Diane|Reynolds|dreynoldsfi@cdc.gov|Female|130.245.217.168
560|Debra|Thomas|dthomasfj@wiley.com|Female|163.146.96.113
561|Arthur|Stephens|astephensfk@is.gd|Male|148.76.124.41
562|Marie|Russell|mrussellfl@youtube.com|Female|191.129.214.221
563|Jean|Frazier|jfrazierfm@ezinearticles.com|Female|13.91.137.184
564|Johnny|Boyd|jboydfn@shutterfly.com|Male|104.85.106.154
565|Elizabeth|Greene|egreenefo@skyrock.com|Female|118.41.165.2
566|Robert|Crawford|rcrawfordfp@mozilla.org|Male|184.78.43.106
567|Evelyn|Ross|erossfq@nationalgeographic.com|Female|240.46.252.141
568|Karen|Anderson|kandersonfr@marketwatch.com|Female|135.237.204.215
569|Anthony|Howell|ahowellfs@alibaba.com|Male|192.255.49.83
570|Kathleen|Hudson|khudsonft@multiply.com|Female|43.220.8.236
571|Phyllis|Hamilton|phamiltonfu@netscape.com|Female|231.73.139.249
572|Howard|Fowler|hfowlerfv@sphinn.com|Male|183.156.64.143
573|Andrea|Mitchell|amitchellfw@360.cn|Female|203.99.162.179
574|Cheryl|Weaver|cweaverfx@goodreads.com|Female|137.232.67.142
575|Anthony|Owens|aowensfy@163.com|Male|143.176.126.76
576|Jessica|Burton|jburtonfz@tumblr.com|Female|23.193.247.41
577|Timothy|Lynch|tlynchg0@miibeian.gov.cn|Male|181.48.133.86
578|Joseph|Graham|jgrahamg1@blog.com|Male|3.137.131.179
579|Jason|Gonzales|jgonzalesg2@google.de|Male|148.25.159.138
580|Lillian|Reed|lreedg3@e-recht24.de|Female|9.88.74.246
581|Stephanie|Davis|sdavisg4@smugmug.com|Female|85.214.112.140
582|Kimberly|Ellis|kellisg5@dedecms.com|Female|171.226.162.134
583|Harold|Wright|hwrightg6@dailymail.co.uk|Male|217.186.90.6
584|Frank|Schmidt|fschmidtg7@deliciousdays.com|Male|49.241.237.131
585|Jose|Jones|jjonesg8@bbc.co.uk|Male|145.87.73.254
586|Fred|Graham|fgrahamg9@merriam-webster.com|Male|18.151.19.137
587|Doris|Diaz|ddiazga@tuttocitta.it|Female|41.233.245.148
588|Sharon|Jordan|sjordangb@aboutads.info|Female|120.191.8.231
589|Walter|Dunn|wdunngc@seattletimes.com|Male|103.1.120.253
590|Martin|Morgan|mmorgangd@arizona.edu|Male|14.177.117.75
591|Kevin|Stevens|kstevensge@odnoklassniki.ru|Male|194.85.47.166
592|Matthew|Smith|msmithgf@dropbox.com|Male|170.143.249.130
593|Joyce|Cunningham|jcunninghamgg@kickstarter.com|Female|233.107.19.123
594|Laura|Hicks|lhicksgh@miibeian.gov.cn|Female|64.54.102.131
595|Gerald|Ford|gfordgi@photobucket.com|Male|191.191.154.246
596|Norma|Franklin|nfranklingj@netscape.com|Female|221.28.195.10
597|Billy|Martin|bmartingk@gravatar.com|Male|66.79.70.211
598|Thomas|Myers|tmyersgl@ezinearticles.com|Male|145.27.89.220
599|Rebecca|Flores|rfloresgm@goo.ne.jp|Female|20.234.61.203
600|James|Kelly|jkellygn@umn.edu|Male|51.125.144.235
601|Tammy|Kim|tkimgo@taobao.com|Female|14.203.228.217
602|Patricia|Garza|pgarzagp@surveymonkey.com|Female|134.131.68.149
603|Christina|James|cjamesgq@comcast.net|Female|157.92.22.167
604|Shawn|Evans|sevansgr@uiuc.edu|Male|156.190.195.57
605|Roy|Armstrong|rarmstronggs@google.cn|Male|213.207.205.127
606|Barbara|Stevens|bstevensgt@intel.com|Female|181.57.10.111
607|Anna|Bowman|abowmangu@mediafire.com|Female|249.190.202.165
608|Ann|Cooper|acoopergv@wordpress.org|Female|78.20.102.57
609|Bonnie|Shaw|bshawgw@paginegialle.it|Female|0.129.236.185
610|Jack|Hart|jhartgx@mediafire.com|Male|85.123.225.254
611|Kelly|Ellis|kellisgy@unicef.org|Female|235.177.168.242
612|Kenneth|Rodriguez|krodriguezgz@addtoany.com|Male|248.255.106.189
613|Ronald|Washington|rwashingtonh0@nifty.com|Male|255.90.211.112
614|Alan|Murphy|amurphyh1@friendfeed.com|Male|136.149.178.57
615|Christina|Adams|cadamsh2@macromedia.com|Female|184.1.245.36
616|Anne|Nichols|anicholsh3@google.com.au|Female|101.21.33.16
617|Ruby|Fernandez|rfernandezh4@ocn.ne.jp|Female|108.145.253.245
618|Lois|Mills|lmillsh5@live.com|Female|156.1.222.72
619|Eric|Price|epriceh6@prlog.org|Male|57.1.143.57
620|Aaron|Stone|astoneh7@go.com|Male|44.17.120.213
621|Lillian|Hawkins|lhawkinsh8@wired.com|Female|123.148.157.80
622|Henry|Collins|hcollinsh9@chicagotribune.com|Male|136.15.40.157
623|John|Gardner|jgardnerha@buzzfeed.com|Male|59.247.71.3
624|Michelle|Gibson|mgibsonhb@princeton.edu|Female|132.191.62.31
625|Juan|Smith|jsmithhc@nationalgeographic.com|Male|203.90.67.203
626|Katherine|White|kwhitehd@biglobe.ne.jp|Female|170.173.75.70
627|Nancy|Garza|ngarzahe@feedburner.com|Female|141.35.162.38
628|Rebecca|Hill|rhillhf@etsy.com|Female|134.29.225.11
629|Walter|Lee|wleehg@wired.com|Male|247.88.92.239
630|Ashley|Palmer|apalmerhh@mtv.com|Female|170.151.34.220
631|Christopher|Henry|chenryhi@de.vu|Male|238.252.43.125
632|Aaron|Bailey|abaileyhj@yale.edu|Male|184.216.109.175
633|Thomas|Hudson|thudsonhk@tiny.cc|Male|156.95.189.179
634|Richard|Dean|rdeanhl@msu.edu|Male|119.58.50.50
635|Frances|Gardner|fgardnerhm@cmu.edu|Female|219.209.206.2
636|Mary|Bailey|mbaileyhn@aol.com|Female|27.114.26.56
637|Mary|Mcdonald|mmcdonaldho@ebay.com|Female|142.213.77.76
638|Michael|Reyes|mreyeshp@tamu.edu|Male|35.118.190.137
639|Janet|Morris|jmorrishq@tamu.edu|Female|121.59.82.139
640|Andrew|Miller|amillerhr@springer.com|Male|95.114.251.91
641|Earl|Hughes|ehugheshs@godaddy.com|Male|218.162.124.211
642|Keith|Harper|kharperht@geocities.jp|Male|214.166.92.4
643|Amanda|Alvarez|aalvarezhu@privacy.gov.au|Female|234.150.101.154
644|Katherine|Duncan|kduncanhv@cyberchimps.com|Female|187.70.226.148
645|Diana|Fuller|dfullerhw@theatlantic.com|Female|246.84.24.102
646|Jessica|Woods|jwoodshx@irs.gov|Female|179.65.249.108
647|Diane|Cole|dcolehy@tamu.edu|Female|164.121.11.190
648|Nicole|Smith|nsmithhz@imdb.com|Female|236.7.77.157
649|Aaron|Johnson|ajohnsoni0@flickr.com|Male|52.211.113.244
650|Debra|Rodriguez|drodriguezi1@intel.com|Female|0.136.77.51
651|Steve|Ryan|sryani2@businesswire.com|Male|184.248.6.85
652|Amy|Bennett|abennetti3@webnode.com|Female|105.241.37.181
653|Marilyn|Henderson|mhendersoni4@sakura.ne.jp|Female|62.144.223.71
654|Wayne|Wilson|wwilsoni5@squidoo.com|Male|104.92.110.6
655|Justin|Allen|jalleni6@e-recht24.de|Male|114.50.33.56
656|James|Murray|jmurrayi7@spotify.com|Male|218.214.107.50
657|Keith|Burke|kburkei8@slideshare.net|Male|73.173.164.111
658|Richard|Alvarez|ralvarezi9@i2i.jp|Male|130.109.49.191
659|Judith|Nelson|jnelsonia@mediafire.com|Female|155.80.102.93
660|Henry|Garrett|hgarrettib@about.me|Male|110.205.131.68
661|Donald|Gordon|dgordonic@census.gov|Male|216.122.9.140
662|Harry|Ferguson|hfergusonid@wired.com|Male|69.83.30.242
663|Eric|Cole|ecoleie@theguardian.com|Male|162.184.172.137
664|Justin|Bryant|jbryantif@google.com.br|Male|151.49.57.85
665|Alan|Peterson|apetersonig@elpais.com|Male|246.80.47.153
666|Howard|Moreno|hmorenoih@symantec.com|Male|253.155.244.175
667|Louise|Martinez|lmartinezii@bandcamp.com|Female|113.19.234.62
668|Gerald|Flores|gfloresij@nsw.gov.au|Male|57.16.19.195
669|Kevin|Crawford|kcrawfordik@gmpg.org|Male|101.1.7.177
670|Bruce|Mills|bmillsil@amazon.co.jp|Male|250.91.156.47
671|John|Schmidt|jschmidtim@ycombinator.com|Male|227.99.180.20
672|Laura|Weaver|lweaverin@unesco.org|Female|167.122.141.99
673|Roy|Lewis|rlewisio@g.co|Male|119.39.73.147
674|Jacqueline|Watkins|jwatkinsip@pinterest.com|Female|48.169.134.69
675|Stephanie|Bailey|sbaileyiq@nbcnews.com|Female|250.143.237.244
676|Jane|Boyd|jboydir@creativecommons.org|Female|99.143.88.213
677|Joe|Davis|jdavisis@topsy.com|Male|218.79.70.138
678|Ernest|Lee|eleeit@amazon.co.jp|Male|136.4.129.92
679|Shirley|Kelly|skellyiu@oaic.gov.au|Female|204.57.250.54
680|Gary|Gomez|ggomeziv@seesaa.net|Male|151.33.126.95
681|Jeremy|Fuller|jfulleriw@myspace.com|Male|13.95.188.82
682|Barbara|Romero|bromeroix@tuttocitta.it|Female|70.142.32.188
683|Lillian|Smith|lsmithiy@salon.com|Female|197.153.247.86
684|Thomas|Campbell|tcampbelliz@pen.io|Male|54.234.231.92
685|Chris|Howard|chowardj0@wikia.com|Male|242.148.37.92
686|Teresa|Boyd|tboydj1@is.gd|Female|40.109.207.149
687|Kathy|Ray|krayj2@google.cn|Female|70.6.28.230
688|Stephanie|Hart|shartj3@google.es|Female|48.60.221.250
689|Ruby|Kelley|rkelleyj4@sciencedaily.com|Female|77.120.162.127
690|Bobby|Thomas|bthomasj5@loc.gov|Male|195.114.184.2
691|Jennifer|Carroll|jcarrollj6@google.co.jp|Female|13.102.193.25
692|Jane|West|jwestj7@timesonline.co.uk|Female|35.124.85.245
693|William|Meyer|wmeyerj8@e-recht24.de|Male|52.199.183.96
694|Janet|Medina|jmedinaj9@ibm.com|Female|252.26.182.29
695|Steve|Ford|sfordja@nymag.com|Male|105.8.239.4
696|Henry|Griffin|hgriffinjb@taobao.com|Male|94.29.188.156
697|Katherine|Turner|kturnerjc@epa.gov|Female|127.239.170.56
698|Roy|Brown|rbrownjd@addtoany.com|Male|78.163.115.250
699|Mary|Anderson|mandersonje@shop-pro.jp|Female|201.204.44.131
700|Pamela|West|pwestjf@eepurl.com|Female|140.106.27.229
701|Adam|Banks|abanksjg@ibm.com|Male|206.239.207.53
702|Jean|Lane|jlanejh@fotki.com|Female|74.81.101.106
703|Patricia|Fields|pfieldsji@jimdo.com|Female|47.111.195.166
704|Michael|Perry|mperryjj@unc.edu|Male|235.99.144.216
705|Mark|Mccoy|mmccoyjk@reference.com|Male|29.174.54.211
706|Lois|Robertson|lrobertsonjl@oracle.com|Female|206.139.17.245
707|Jimmy|Day|jdayjm@yolasite.com|Male|93.35.52.169
708|Donald|Flores|dfloresjn@fda.gov|Male|103.90.43.234
709|Deborah|Johnston|djohnstonjo@reddit.com|Female|177.220.138.216
710|Steven|Lane|slanejp@cbslocal.com|Male|12.127.24.146
711|Ryan|Bennett|rbennettjq@aboutads.info|Male|96.12.117.73
712|Kelly|Wood|kwoodjr@parallels.com|Female|228.103.119.166
713|Michelle|Mitchell|mmitchelljs@admin.ch|Female|161.4.47.214
714|Amanda|Richardson|arichardsonjt@spiegel.de|Female|141.154.118.136
715|Ruth|Gilbert|rgilbertju@europa.eu|Female|186.118.214.227
716|Judy|Bailey|jbaileyjv@cbc.ca|Female|183.152.23.219
717|Johnny|Green|jgreenjw@xrea.com|Male|121.30.233.202
718|Diane|Hansen|dhansenjx@tinyurl.com|Female|152.1.66.148
719|Deborah|Grant|dgrantjy@indiatimes.com|Female|73.122.110.82
720|Wanda|Burke|wburkejz@meetup.com|Female|16.92.24.206
721|Christine|Cox|ccoxk0@kickstarter.com|Female|9.74.34.16
722|Heather|Simmons|hsimmonsk1@bbc.co.uk|Female|115.29.208.32
723|Amy|King|akingk2@utexas.edu|Female|5.204.187.80
724|Frances|Franklin|ffranklink3@java.com|Female|109.66.159.119
725|Bruce|Robinson|brobinsonk4@house.gov|Male|223.111.96.79
726|Margaret|Little|mlittlek5@cocolog-nifty.com|Female|153.50.213.46
727|Andrea|Franklin|afranklink6@t-online.de|Female|97.25.235.177
728|Rose|Reid|rreidk7@ovh.net|Female|147.75.163.176
729|Irene|Sanchez|isanchezk8@liveinternet.ru|Female|239.148.96.211
730|Todd|Hanson|thansonk9@businessinsider.com|Male|18.13.78.161
731|Stephanie|Lynch|slynchka@cbsnews.com|Female|116.203.47.50
732|Cheryl|Anderson|candersonkb@ycombinator.com|Female|204.143.37.8
733|Irene|Mcdonald|imcdonaldkc@tripadvisor.com|Female|74.207.72.161
734|Jesse|Franklin|jfranklinkd@ustream.tv|Male|142.160.24.25
735|Betty|Franklin|bfranklinke@auda.org.au|Female|166.48.5.145
736|Kathy|Pierce|kpiercekf@mayoclinic.com|Female|255.176.148.68
737|Craig|Hunt|chuntkg@w3.org|Male|123.193.198.189
738|Sharon|Johnson|sjohnsonkh@chron.com|Female|183.99.209.129
739|Antonio|Rodriguez|arodriguezki@moonfruit.com|Male|97.187.101.51
740|Bonnie|Lopez|blopezkj@github.com|Female|146.114.44.225
741|Irene|Bailey|ibaileykk@furl.net|Female|51.98.23.41
742|Frances|Cooper|fcooperkl@constantcontact.com|Female|168.229.173.64
743|Billy|Wilson|bwilsonkm@ca.gov|Male|128.64.3.207
744|Clarence|Fuller|cfullerkn@sun.com|Male|191.193.51.23
745|Catherine|Howell|chowellko@myspace.com|Female|205.252.6.223
746|Peter|Johnston|pjohnstonkp@arstechnica.com|Male|69.148.154.141
747|Lisa|Wallace|lwallacekq@loc.gov|Female|215.192.207.72
748|Benjamin|Ray|braykr@oakley.com|Male|144.159.116.4
749|Evelyn|Patterson|epattersonks@plala.or.jp|Female|200.237.159.204
750|James|Davis|jdaviskt@wisc.edu|Male|47.59.112.70
751|Sarah|Sullivan|ssullivanku@eepurl.com|Female|226.147.136.224
752|Frances|Clark|fclarkkv@wordpress.org|Female|131.41.227.72
753|Stephanie|Matthews|smatthewskw@techcrunch.com|Female|205.218.80.30
754|Julie|Mccoy|jmccoykx@apache.org|Female|180.85.85.143
755|Elizabeth|Fox|efoxky@discuz.net|Female|216.156.242.125
756|Edward|Stevens|estevenskz@ted.com|Male|117.176.172.179
757|Wayne|Davis|wdavisl0@blogger.com|Male|206.124.44.63
758|Shawn|Burke|sburkel1@clickbank.net|Male|188.207.184.208
759|Christina|Kennedy|ckennedyl2@nbcnews.com|Female|97.25.71.186
760|Irene|Reid|ireidl3@biglobe.ne.jp|Female|80.94.11.44
761|Terry|Brooks|tbrooksl4@fc2.com|Male|198.136.17.170
762|Angela|Carter|acarterl5@dell.com|Female|118.164.254.227
763|Eric|Garza|egarzal6@reddit.com|Male|87.126.208.131
764|Christine|Davis|cdavisl7@chicagotribune.com|Female|131.48.84.248
765|Jacqueline|Alexander|jalexanderl8@engadget.com|Female|46.236.199.201
766|William|Gutierrez|wgutierrezl9@zimbio.com|Male|7.255.107.46
767|Marie|Turner|mturnerla@nsw.gov.au|Female|113.234.206.23
768|Benjamin|Lewis|blewislb@google.pl|Male|175.35.64.208
769|Kathleen|Reynolds|kreynoldslc@wikipedia.org|Female|200.142.55.22
770|Susan|Day|sdayld@china.com.cn|Female|140.9.109.75
771|Judy|Burns|jburnsle@elpais.com|Female|82.215.183.183
772|Ronald|Hunter|rhunterlf@fc2.com|Male|1.151.161.175
773|Wayne|Rivera|wriveralg@surveymonkey.com|Male|126.195.62.204
774|Bruce|Morrison|bmorrisonlh@com.com|Male|58.42.187.186
775|William|Chavez|wchavezli@indiatimes.com|Male|59.200.248.161
776|Douglas|Carter|dcarterlj@example.com|Male|112.200.71.73
777|Albert|Mendoza|amendozalk@elpais.com|Male|253.238.16.3
778|Mildred|Cole|mcolell@latimes.com|Female|55.244.152.76
779|Shawn|Sanders|ssanderslm@parallels.com|Male|71.23.26.85
780|Richard|Hughes|rhughesln@deliciousdays.com|Male|148.10.48.48
781|Donna|Morales|dmoraleslo@statcounter.com|Female|254.11.63.179
782|Martha|Rice|mricelp@hugedomains.com|Female|189.95.88.83
783|Carol|Daniels|cdanielslq@apache.org|Female|55.88.68.150
784|Steve|Murray|smurraylr@desdev.cn|Male|90.143.167.188
785|Joyce|Bryant|jbryantls@ycombinator.com|Female|247.83.18.133
786|Louise|Vasquez|lvasquezlt@studiopress.com|Female|215.247.13.8
787|Julia|Montgomery|jmontgomerylu@spiegel.de|Female|147.35.222.40
788|Kevin|Powell|kpowelllv@blogtalkradio.com|Male|60.84.107.87
789|Theresa|Bowman|tbowmanlw@myspace.com|Female|81.190.129.233
790|Karen|Pierce|kpiercelx@vkontakte.ru|Female|35.82.128.196
791|Victor|Burke|vburkely@com.com|Male|231.250.14.29
792|Roger|Kim|rkimlz@salon.com|Male|30.247.175.149
793|Kevin|Castillo|kcastillom0@vimeo.com|Male|227.246.190.48
794|Billy|Cruz|bcruzm1@sphinn.com|Male|180.80.49.205
795|Robert|Carr|rcarrm2@marriott.com|Male|216.170.37.9
796|Janice|Russell|jrussellm3@twitpic.com|Female|92.177.171.166
797|Christine|James|cjamesm4@w3.org|Female|123.44.247.229
798|Martha|Thomas|mthomasm5@upenn.edu|Female|171.36.212.106
799|Stephanie|Black|sblackm6@pbs.org|Female|188.235.147.118
800|Helen|Wallace|hwallacem7@opensource.org|Female|123.100.138.77
801|Jonathan|Kennedy|jkennedym8@imdb.com|Male|37.218.1.125
802|Jesse|Morgan|jmorganm9@edublogs.org|Male|6.200.76.64
803|Arthur|Morrison|amorrisonma@pen.io|Male|48.73.109.125
804|Douglas|Lawson|dlawsonmb@nature.com|Male|61.83.62.215
805|Phyllis|Patterson|ppattersonmc@devhub.com|Female|95.209.152.81
806|Jeffrey|Wagner|jwagnermd@lulu.com|Male|129.79.54.47
807|Bobby|Lawson|blawsonme@google.cn|Male|152.35.10.198
808|Pamela|Phillips|pphillipsmf@cmu.edu|Female|71.153.106.91
809|Phyllis|Mason|pmasonmg@google.com.au|Female|214.22.20.152
810|Robert|Richardson|rrichardsonmh@cdc.gov|Male|254.155.60.229
811|Keith|Chavez|kchavezmi@google.ru|Male|135.217.147.57
812|Clarence|Gibson|cgibsonmj@pinterest.com|Male|126.234.236.29
813|Susan|Day|sdaymk@purevolume.com|Female|41.98.204.78
814|Jane|Montgomery|jmontgomeryml@unesco.org|Female|97.47.115.101
815|Marilyn|Nguyen|mnguyenmm@bloomberg.com|Female|156.50.187.168
816|Ruth|Perkins|rperkinsmn@uol.com.br|Female|10.127.54.22
817|Dennis|Rice|dricemo@businessinsider.com|Male|238.36.251.99
818|Willie|Carr|wcarrmp@livejournal.com|Male|210.97.198.234
819|Paul|Bell|pbellmq@rakuten.co.jp|Male|80.12.13.15
820|Jessica|Hart|jhartmr@stanford.edu|Female|217.52.70.255
821|Gerald|Gardner|ggardnerms@usa.gov|Male|205.28.197.220
822|Jason|Myers|jmyersmt@naver.com|Male|28.137.40.81
823|Patricia|Patterson|ppattersonmu@wp.com|Female|215.150.18.228
824|Cynthia|Mason|cmasonmv@mapquest.com|Female|59.116.107.171
825|Edward|Fernandez|efernandezmw@deviantart.com|Male|189.128.152.92
826|Lisa|Brown|lbrownmx@paypal.com|Female|158.105.154.76
827|Chris|Cook|ccookmy@ted.com|Male|68.112.64.228
828|Johnny|Fox|jfoxmz@github.io|Male|159.91.119.0
829|Wanda|Ryan|wryann0@slate.com|Female|70.122.104.34
830|Jimmy|Castillo|jcastillon1@ycombinator.com|Male|3.18.22.215
831|Ryan|Hicks|rhicksn2@tamu.edu|Male|47.205.250.14
832|Robert|Scott|rscottn3@indiegogo.com|Male|55.58.82.125
833|John|Ray|jrayn4@mediafire.com|Male|201.39.13.75
834|Linda|Meyer|lmeyern5@webnode.com|Female|131.78.221.120
835|Ann|Gomez|agomezn6@hud.gov|Female|231.137.77.32
836|Alice|White|awhiten7@scribd.com|Female|172.137.4.176
837|Amy|Ortiz|aortizn8@nasa.gov|Female|197.249.201.229
838|Brandon|Wells|bwellsn9@pinterest.com|Male|52.167.194.232
839|Frances|Greene|fgreenena@simplemachines.org|Female|129.102.146.182
840|Anna|Brooks|abrooksnb@umich.edu|Female|148.69.93.153
841|Frances|Johnston|fjohnstonnc@npr.org|Female|168.95.171.192
842|Stephanie|Edwards|sedwardsnd@mapy.cz|Female|15.163.15.251
843|Steve|Kelley|skelleyne@house.gov|Male|130.9.221.192
844|Laura|Fox|lfoxnf@youtu.be|Female|176.63.2.181
845|Robin|Ward|rwardng@hugedomains.com|Female|130.163.51.160
846|Andrew|Rose|arosenh@ning.com|Male|212.76.107.19
847|Virginia|Payne|vpayneni@techcrunch.com|Female|137.157.164.39
848|Howard|Burns|hburnsnj@ning.com|Male|247.205.106.34
849|Gloria|Olson|golsonnk@umn.edu|Female|15.1.224.25
850|Charles|Long|clongnl@bloomberg.com|Male|114.189.27.201
851|Bruce|Edwards|bedwardsnm@canalblog.com|Male|99.177.42.100
852|Mary|Howard|mhowardnn@edublogs.org|Female|98.227.11.76
853|Gary|Black|gblackno@ucoz.ru|Male|26.78.140.141
854|Gloria|Moreno|gmorenonp@gnu.org|Female|117.107.173.92
855|Doris|Johnston|djohnstonnq@infoseek.co.jp|Female|72.81.172.177
856|Jonathan|Holmes|jholmesnr@creativecommons.org|Male|36.186.66.109
857|Betty|Sullivan|bsullivanns@pagesperso-orange.fr|Female|248.186.30.212
858|Anne|Russell|arussellnt@nature.com|Female|186.228.202.131
859|Walter|Walker|wwalkernu@reference.com|Male|188.38.132.89
860|Emily|George|egeorgenv@squarespace.com|Female|238.33.136.154
861|Gary|Dean|gdeannw@tuttocitta.it|Male|219.249.61.42
862|Andrew|Hayes|ahayesnx@github.com|Male|232.129.206.51
863|Scott|Howard|showardny@theatlantic.com|Male|224.28.90.26
864|Angela|Rose|arosenz@desdev.cn|Female|207.167.14.157
865|Jerry|Baker|jbakero0@umich.edu|Male|207.130.145.245
866|Antonio|Spencer|aspencero1@slashdot.org|Male|229.51.198.200
867|Andrea|Lane|alaneo2@europa.eu|Female|192.240.169.67
868|Craig|Torres|ctorreso3@wordpress.com|Male|195.187.35.75
869|Clarence|Young|cyoungo4@acquirethisname.com|Male|98.74.239.37
870|Ronald|Black|rblacko5@un.org|Male|137.161.152.254
871|Lois|Castillo|lcastilloo6@godaddy.com|Female|89.161.183.9
872|Kevin|Brown|kbrowno7@uiuc.edu|Male|240.57.14.253
873|Gary|King|gkingo8@blog.com|Male|151.199.223.240
874|Victor|Ryan|vryano9@stumbleupon.com|Male|73.71.93.28
875|Terry|Stevens|tstevensoa@dagondesign.com|Male|69.180.241.58
876|Doris|Howard|dhowardob@desdev.cn|Female|3.59.60.93
877|Joe|Howell|jhowelloc@cbc.ca|Male|194.239.145.247
878|Brenda|Arnold|barnoldod@si.edu|Female|164.182.76.250
879|Amanda|Lewis|alewisoe@guardian.co.uk|Female|201.169.67.131
880|Christopher|Long|clongof@chicagotribune.com|Male|61.151.233.136
881|George|Duncan|gduncanog@seesaa.net|Male|40.242.100.50
882|Helen|Wood|hwoodoh@myspace.com|Female|161.255.141.200
883|Betty|Russell|brusselloi@360.cn|Female|137.238.187.54
884|Gregory|Morgan|gmorganoj@amazon.com|Male|203.6.60.226
885|Kenneth|Russell|krussellok@imdb.com|Male|169.90.112.184
886|Karen|Hanson|khansonol@illinois.edu|Female|254.9.246.203
887|Larry|Henry|lhenryom@paginegialle.it|Male|205.127.28.91
888|Ashley|Nelson|anelsonon@utexas.edu|Female|186.136.159.55
889|Louise|Perry|lperryoo@irs.gov|Female|237.97.194.19
890|Anthony|Mitchell|amitchellop@woothemes.com|Male|89.98.80.203
891|Kelly|Mason|kmasonoq@hud.gov|Female|139.53.79.13
892|Melissa|Cook|mcookor@chron.com|Female|158.203.24.196
893|Joe|Brown|jbrownos@ocn.ne.jp|Male|207.196.80.108
894|Wayne|Ford|wfordot@pen.io|Male|19.102.78.214
895|Doris|Roberts|drobertsou@indiatimes.com|Female|192.93.175.185
896|Carol|Johnson|cjohnsonov@webnode.com|Female|109.71.234.85
897|Jennifer|Bowman|jbowmanow@nydailynews.com|Female|77.249.26.115
898|Betty|Miller|bmillerox@deviantart.com|Female|107.26.26.134
899|Amy|Patterson|apattersonoy@about.com|Female|228.72.61.2
900|Lori|Foster|lfosteroz@joomla.org|Female|99.118.209.30
901|Joyce|Ramirez|jramirezp0@microsoft.com|Female|74.90.130.12
902|Sean|Simpson|ssimpsonp1@nbcnews.com|Male|129.3.227.22
903|Ralph|Peters|rpetersp2@dot.gov|Male|252.59.51.64
904|Cynthia|Mcdonald|cmcdonaldp3@so-net.ne.jp|Female|234.66.102.204
905|Diane|Richards|drichardsp4@mozilla.org|Female|175.223.227.128
906|Walter|Banks|wbanksp5@arstechnica.com|Male|108.14.219.29
907|Debra|Morrison|dmorrisonp6@google.de|Female|253.113.182.81
908|Sean|Thompson|sthompsonp7@nydailynews.com|Male|80.162.239.153
909|Randy|Turner|rturnerp8@w3.org|Male|62.64.149.235
910|Barbara|Campbell|bcampbellp9@state.tx.us|Female|27.197.74.247
911|Wayne|Murray|wmurraypa@ucla.edu|Male|89.182.181.58
912|Jessica|Porter|jporterpb@sphinn.com|Female|171.160.48.91
913|Billy|Reyes|breyespc@uiuc.edu|Male|243.255.162.107
914|Robin|Perez|rperezpd@seattletimes.com|Female|236.90.182.142
915|Jason|Meyer|jmeyerpe@biblegateway.com|Male|2.202.67.31
916|Ruby|Duncan|rduncanpf@blinklist.com|Female|212.99.255.156
917|Brenda|James|bjamespg@dedecms.com|Female|226.154.242.100
918|Ruby|Cook|rcookph@google.es|Female|237.214.203.181
919|Melissa|Duncan|mduncanpi@instagram.com|Female|139.133.200.152
920|Kenneth|Flores|kflorespj@dagondesign.com|Male|235.4.103.55
921|Amanda|Harris|aharrispk@netscape.com|Female|111.58.194.164
922|Keith|Morales|kmoralespl@umich.edu|Male|98.135.232.31
923|Jeremy|Reyes|jreyespm@marriott.com|Male|29.237.240.2
924|Diana|Frazier|dfrazierpn@va.gov|Female|235.171.156.128
925|Brandon|Lawson|blawsonpo@vk.com|Male|198.1.19.146
926|Bobby|Reynolds|breynoldspp@unc.edu|Male|121.69.90.51
927|Brian|Butler|bbutlerpq@wikimedia.org|Male|57.193.81.33
928|Alan|Clark|aclarkpr@sbwire.com|Male|84.66.252.197
929|Phillip|Rose|proseps@bravesites.com|Male|188.235.106.55
930|Tammy|Arnold|tarnoldpt@dailymotion.com|Female|29.150.39.218
931|Melissa|Phillips|mphillipspu@storify.com|Female|220.100.194.23
932|Jeremy|Banks|jbankspv@google.com.hk|Male|45.148.113.107
933|Keith|Mccoy|kmccoypw@oracle.com|Male|220.227.236.187
934|Emily|Diaz|ediazpx@stanford.edu|Female|132.224.56.135
935|Henry|Williamson|hwilliamsonpy@dmoz.org|Male|110.90.181.80
936|Philip|Morales|pmoralespz@deliciousdays.com|Male|235.248.127.85
937|Jonathan|Chavez|jchavezq0@dot.gov|Male|249.211.237.227
938|Jacqueline|Garcia|jgarciaq1@youtube.com|Female|20.28.234.66
939|Phyllis|Gutierrez|pgutierrezq2@washington.edu|Female|148.255.111.168
940|Rachel|Jackson|rjacksonq3@prweb.com|Female|53.35.107.15
941|Alice|Oliver|aoliverq4@hibu.com|Female|110.69.151.162
942|Joshua|Dean|jdeanq5@pagesperso-orange.fr|Male|226.169.80.93
943|Stephen|Parker|sparkerq6@pbs.org|Male|10.174.191.79
944|Ronald|Walker|rwalkerq7@infoseek.co.jp|Male|242.227.91.241
945|Patrick|Perez|pperezq8@si.edu|Male|177.122.137.2
946|Patricia|Hayes|phayesq9@reverbnation.com|Female|221.190.77.110
947|Jimmy|Hernandez|jhernandezqa@pinterest.com|Male|207.79.235.24
948|Juan|Burke|jburkeqb@naver.com|Male|108.73.61.52
949|Timothy|Peterson|tpetersonqc@slideshare.net|Male|43.172.254.137
950|Janice|Gutierrez|jgutierrezqd@telegraph.co.uk|Female|3.59.125.99
951|Nicole|Hunt|nhuntqe@statcounter.com|Female|248.113.55.161
952|Paula|Carpenter|pcarpenterqf@soundcloud.com|Female|246.23.172.239
953|Brian|Wilson|bwilsonqg@unicef.org|Male|179.147.226.193
954|Phyllis|Weaver|pweaverqh@vimeo.com|Female|24.34.139.89
955|Carl|Woods|cwoodsqi@cbc.ca|Male|211.134.31.248
956|Frank|Wood|fwoodqj@bloomberg.com|Male|191.97.246.34
957|Pamela|Lynch|plynchqk@netlog.com|Female|89.54.57.248
958|Jonathan|Tucker|jtuckerql@bbc.co.uk|Male|66.4.19.42
959|Rebecca|Castillo|rcastilloqm@sfgate.com|Female|198.4.61.30
960|Lillian|Bell|lbellqn@github.com|Female|80.133.14.40
961|Justin|Wheeler|jwheelerqo@nifty.com|Male|67.123.167.108
962|David|Mendoza|dmendozaqp@mit.edu|Male|210.232.44.158
963|Ryan|Stewart|rstewartqq@jigsy.com|Male|32.198.11.148
964|Joseph|Grant|jgrantqr@yahoo.com|Male|240.206.75.98
965|Ralph|Carroll|rcarrollqs@slashdot.org|Male|159.51.5.89
966|Robin|Nguyen|rnguyenqt@eventbrite.com|Female|191.84.158.129
967|Mark|Arnold|marnoldqu@bizjournals.com|Male|151.46.238.107
968|Terry|Matthews|tmatthewsqv@cisco.com|Male|79.177.239.161
969|Karen|Carpenter|kcarpenterqw@umich.edu|Female|40.16.50.195
970|Richard|Murphy|rmurphyqx@fema.gov|Male|162.13.131.40
971|Daniel|Morris|dmorrisqy@ask.com|Male|47.210.207.123
972|Evelyn|Murray|emurrayqz@theglobeandmail.com|Female|158.240.255.209
973|Paula|Banks|pbanksr0@storify.com|Female|159.111.59.151
974|Angela|Howell|ahowellr1@acquirethisname.com|Female|6.148.64.202
975|Jeffrey|Watkins|jwatkinsr2@hibu.com|Male|45.16.231.44
976|Roy|Sanders|rsandersr3@usatoday.com|Male|48.221.199.223
977|Sara|Burton|sburtonr4@mlb.com|Female|198.168.85.113
978|Cheryl|Lynch|clynchr5@icio.us|Female|27.38.71.249
979|Chris|Ramirez|cramirezr6@yolasite.com|Male|182.220.112.231
980|Julia|Gonzales|jgonzalesr7@homestead.com|Female|246.155.240.95
981|Juan|Howell|jhowellr8@arizona.edu|Male|47.60.87.171
982|Stephen|Ross|srossr9@g.co|Male|29.72.149.137
983|Frances|Fields|ffieldsra@instagram.com|Female|246.185.148.129
984|Amy|Burton|aburtonrb@desdev.cn|Female|57.51.99.113
985|Shawn|Ramirez|sramirezrc@studiopress.com|Male|14.208.34.48
986|Michelle|Baker|mbakerrd@salon.com|Female|41.157.68.166
987|Kevin|Welch|kwelchre@narod.ru|Male|247.2.190.230
988|Marie|Peters|mpetersrf@craigslist.org|Female|158.233.172.108
989|Douglas|Harper|dharperrg@php.net|Male|191.70.95.84
990|Bonnie|Pierce|bpiercerh@t-online.de|Female|100.101.195.206
991|Cynthia|Sims|csimsri@weebly.com|Female|215.92.68.223
992|Jean|Pierce|jpiercerj@angelfire.com|Female|207.171.207.230
993|Betty|Peterson|bpetersonrk@jimdo.com|Female|12.184.48.65
994|David|Stevens|dstevensrl@un.org|Male|155.214.130.156
995|Betty|Bailey|bbaileyrm@webeden.co.uk|Female|214.35.124.229
996|Richard|Reed|rreedrn@over-blog.com|Male|110.137.138.253
997|Kelly|Hart|khartro@blogger.com|Female|153.80.212.181
998|Clarence|Carr|ccarrrp@jimdo.com|Male|20.207.44.136
999|Wayne|Ward|wwardrq@weibo.com|Male|105.66.163.135
1000|Martha|Reyes|mreyesrr@purevolume.com|Female|79.220.102.189
